url,length,type,podcast
https://forschergeist.de/podlove/file/2340/s/feed/c/mp3/fg089-geometrie-und-visualisierung.mp3,81991674,audio/mpeg,forschergeist
https://forschergeist.de/podlove/file/2328/s/feed/c/mp3/fg088-reifen-aus-loewenzahn.mp3,64813493,audio/mpeg,forschergeist
https://forschergeist.de/podlove/file/2326/s/feed/c/mp3/fg087-computertomographie.mp3,59296804,audio/mpeg,forschergeist
https://forschergeist.de/podlove/file/2310/s/feed/c/mp3/fg086-klugscheissen-im-fernsehen.mp3,92139305,audio/mpeg,forschergeist
https://forschergeist.de/podlove/file/2294/s/feed/c/mp3/fg085-coronavirus-structural-task-force.mp3,91175737,audio/mpeg,forschergeist
https://forschergeist.de/podlove/file/2279/s/feed/c/mp3/fg084-evidenzbasierte-medizin.mp3,78125133,audio/mpeg,forschergeist
https://forschergeist.de/podlove/file/2263/s/feed/c/mp3/fg083-bioengineering.mp3,127772582,audio/mpeg,forschergeist
https://forschergeist.de/podlove/file/2253/s/feed/c/mp3/fg082-kriminalbiologie.mp3,113801875,audio/mpeg,forschergeist
https://forschergeist.de/podlove/file/2237/s/feed/c/mp3/fg081-wissenschaftskommunikation-in-krisen.mp3,65298519,audio/mpeg,forschergeist
https://forschergeist.de/podlove/file/2224/s/feed/c/mp3/fg080-medien-und-meinungsbildung.mp3,74807975,audio/mpeg,forschergeist
https://forschergeist.de/podlove/file/2212/s/feed/c/mp3/fg079-wuestenforschung-teil-2.mp3,83723400,audio/mpeg,forschergeist
https://forschergeist.de/podlove/file/2190/s/feed/c/mp3/fg078-angst-und-zukunft.mp3,87225130,audio/mpeg,forschergeist
https://forschergeist.de/podlove/file/2167/s/feed/c/mp3/fg077-organisationsforschung.mp3,121662486,audio/mpeg,forschergeist
https://forschergeist.de/podlove/file/2149/s/feed/c/mp3/fg076-mobilitaet-und-gesellschaft.mp3,104278898,audio/mpeg,forschergeist
https://forschergeist.de/podlove/file/2113/s/feed/c/mp3/fg075-literatur-und-digitalisierung.mp3,72786904,audio/mpeg,forschergeist
https://forschergeist.de/podlove/file/2090/s/feed/c/mp3/fg074-stoffwechselforschung.mp3,63928789,audio/mpeg,forschergeist
https://forschergeist.de/podlove/file/2049/s/feed/c/mp3/fg073-klimawandel-in-seen.mp3,71047741,audio/mpeg,forschergeist
https://forschergeist.de/podlove/file/2014/s/feed/c/mp3/fg072-verantwortung-in-der-informatik.mp3,95522160,audio/mpeg,forschergeist
https://forschergeist.de/podlove/file/1998/s/feed/c/mp3/fg071-wirtschaft-und-wettbewerb.mp3,125519132,audio/mpeg,forschergeist
https://forschergeist.de/podlove/file/1967/s/feed/c/mp3/fg070-nachhaltigkeit-und-die-stadt.mp3,75053361,audio/mpeg,forschergeist
https://forschergeist.de/podlove/file/1912/s/feed/c/mp3/fg069-islamische-aesthetik.mp3,73375722,audio/mpeg,forschergeist
https://forschergeist.de/podlove/file/1897/s/feed/c/mp3/fg068-risikoforschung.mp3,83183719,audio/mpeg,forschergeist
https://forschergeist.de/podlove/file/1862/s/feed/c/mp3/fg067-datenbasierte-konfliktforschung.mp3,67125078,audio/mpeg,forschergeist
https://forschergeist.de/podlove/file/1782/s/feed/c/mp3/fg066-klimaneutralitaet.mp3,85274872,audio/mpeg,forschergeist
https://forschergeist.de/podlove/file/1755/s/feed/c/mp3/fg065-feueroekologie.mp3,125433974,audio/mpeg,forschergeist
https://forschergeist.de/podlove/file/1732/s/feed/c/mp3/fg064-ethik-und-genetik.mp3,90686128,audio/mpeg,forschergeist
https://forschergeist.de/podlove/file/1714/s/feed/c/mp3/fg063-geothermie.mp3,99123967,audio/mpeg,forschergeist
https://forschergeist.de/podlove/file/1692/s/feed/c/mp3/fg062-leichte-sprache.mp3,77623879,audio/mpeg,forschergeist
https://forschergeist.de/podlove/file/1642/s/feed/c/mp3/fg061-persoenlichkeitsentwicklung.mp3,98138411,audio/mpeg,forschergeist
https://forschergeist.de/podlove/file/1585/s/feed/c/mp3/fg060-klimawandel.mp3,50579854,audio/mpeg,forschergeist
https://forschergeist.de/podlove/file/1613/s/feed/c/mp3/fg059-digitale-didaktik.mp3,90283275,audio/mpeg,forschergeist
https://forschergeist.de/podlove/file/1535/s/feed/c/mp3/fg058-fischerei.mp3,90313094,audio/mpeg,forschergeist
https://forschergeist.de/podlove/file/1483/s/feed/c/mp3/fg057-artenschutz-und-zoos.mp3,83930531,audio/mpeg,forschergeist
https://forschergeist.de/podlove/file/1311/s/feed/c/mp3/fg056-die-digitale-medizin.mp3,76972715,audio/mpeg,forschergeist
https://forschergeist.de/podlove/file/1287/s/feed/c/mp3/fg055-die-kunst-des-wissens.mp3,90854458,audio/mpeg,forschergeist
https://forschergeist.de/podlove/file/1271/s/feed/c/mp3/fg054-urbane-resilienz.mp3,81712466,audio/mpeg,forschergeist
https://forschergeist.de/podlove/file/1228/s/feed/c/mp3/fg053-energiewende.mp3,87252056,audio/mpeg,forschergeist
https://forschergeist.de/podlove/file/1201/s/feed/c/mp3/fg052-deutsches-museum-bonn.mp3,64151462,audio/mpeg,forschergeist
https://forschergeist.de/podlove/file/1178/s/feed/c/mp3/fg051-gruendungsmanagement.mp3,66009579,audio/mpeg,forschergeist
https://forschergeist.de/podlove/file/1159/s/feed/c/mp3/fg050-duft-und-riechen.mp3,136293669,audio/mpeg,forschergeist
https://forschergeist.de/podlove/file/1137/s/feed/c/mp3/fg049-open-educational-resources.mp3,96501463,audio/mpeg,forschergeist
https://forschergeist.de/podlove/file/1092/s/feed/c/mp3/fg048-die-zukunftsmacher.mp3,72079610,audio/mpeg,forschergeist
https://forschergeist.de/podlove/file/1067/s/feed/c/mp3/fg047-wuestenforschung.mp3,102526511,audio/mpeg,forschergeist
https://forschergeist.de/podlove/file/1043/s/feed/c/mp3/fg046-bienenforschung.mp3,92046840,audio/mpeg,forschergeist
https://forschergeist.de/podlove/file/1027/s/feed/c/mp3/fg045-martin-luther.mp3,54200328,audio/mpeg,forschergeist
https://forschergeist.de/podlove/file/999/s/feed/c/mp3/fg044-digitalisierung-der-bibliotheken.mp3,115238175,audio/mpeg,forschergeist
https://forschergeist.de/podlove/file/877/s/feed/c/mp3/fg043-schule-und-lernen-in-der-digitalen-welt.mp3,116966180,audio/mpeg,forschergeist
https://forschergeist.de/podlove/file/852/s/feed/c/mp3/fg042-neues-lehren-und-lernen-an-der-fachhochschule.mp3,61724024,audio/mpeg,forschergeist
https://forschergeist.de/podlove/file/825/s/feed/c/mp3/fg041-klassische-archaeologie.mp3,89615758,audio/mpeg,forschergeist
https://forschergeist.de/podlove/file/807/s/feed/c/mp3/fg040-stadt-und-gesundheit.mp3,72041246,audio/mpeg,forschergeist
https://forschergeist.de/podlove/file/784/s/feed/c/mp3/fg039-das-anthropozaen.mp3,79458799,audio/mpeg,forschergeist
https://forschergeist.de/podlove/file/766/s/feed/c/mp3/fg038-politische-zaesuren-und-das-recht.mp3,70997629,audio/mpeg,forschergeist
https://forschergeist.de/podlove/file/743/s/feed/c/mp3/fg037-freies-wissen-und-open-data.mp3,96868533,audio/mpeg,forschergeist
https://forschergeist.de/podlove/file/726/s/feed/c/mp3/fg036-internationalisierung-der-forschung.mp3,89383998,audio/mpeg,forschergeist
https://forschergeist.de/podlove/file/703/s/feed/c/mp3/fg035-science-slams-und-wissenschaftskommunikation.mp3,82301781,audio/mpeg,forschergeist
https://forschergeist.de/podlove/file/662/s/feed/c/mp3/fg034-werner-heisenberg.mp3,87294955,audio/mpeg,forschergeist
https://forschergeist.de/podlove/file/642/s/feed/c/mp3/fg033-cusanus-hochschule.mp3,84042587,audio/mpeg,forschergeist
https://forschergeist.de/podlove/file/626/s/feed/c/mp3/fg032-hochschule-und-zivilgesellschaft.mp3,81933506,audio/mpeg,forschergeist
https://forschergeist.de/podlove/file/584/s/feed/c/mp3/fg031-abenteuer-mathematik.mp3,100166541,audio/mpeg,forschergeist
https://forschergeist.de/podlove/file/553/s/feed/c/mp3/fg030-konflikt-und-gewaltforschung.mp3,96819560,audio/mpeg,forschergeist
https://forschergeist.de/podlove/file/496/s/feed/c/mp3/fg029-meeresforschung-und-tiefsee.mp3,74489669,audio/mpeg,forschergeist
https://forschergeist.de/podlove/file/473/s/feed/c/mp3/fg028-moore-paludikultur-und-das-klima.mp3,85349596,audio/mpeg,forschergeist
https://forschergeist.de/podlove/file/452/s/feed/c/mp3/fg027-vertrauen-und-kontrolle-in-der-wissenschaft.mp3,74341428,audio/mpeg,forschergeist
https://forschergeist.de/podlove/file/432/s/feed/c/mp3/fg026-gottfried-wilhelm-leibniz.mp3,69689398,audio/mpeg,forschergeist
https://forschergeist.de/podlove/file/411/s/feed/c/mp3/fg025-transformative-wissenschaft.mp3,81953729,audio/mpeg,forschergeist
https://forschergeist.de/podlove/file/393/s/feed/c/mp3/fg024-nachhaltige-chemie-und-das-wasser.mp3,79555255,audio/mpeg,forschergeist
https://forschergeist.de/podlove/file/384/s/feed/c/mp3/fg023-welt-in-balance.mp3,72800995,audio/mpeg,forschergeist
https://forschergeist.de/podlove/file/360/s/feed/c/mp3/fg022-hochschullehre-digital.mp3,90026450,audio/mpeg,forschergeist
https://forschergeist.de/podlove/file/353/s/feed/c/mp3/fg021-spielen-und-lernen.mp3,86627029,audio/mpeg,forschergeist
https://forschergeist.de/podlove/file/341/s/feed/c/mp3/fg020-wissenschaftsfinanzierung.mp3,72379295,audio/mpeg,forschergeist
https://forschergeist.de/podlove/file/331/s/feed/c/mp3/fg019-cradle-to-cradle.mp3,74008531,audio/mpeg,forschergeist
https://forschergeist.de/podlove/file/317/s/feed/c/mp3/fg018-die-vermessung-der-welt.mp3,76950351,audio/mpeg,forschergeist
https://forschergeist.de/podlove/file/307/s/feed/c/mp3/fg017-forschen-und-lehren-in-cambridge.mp3,65106921,audio/mpeg,forschergeist
https://forschergeist.de/podlove/file/295/s/feed/c/mp3/fg016-open-science.mp3,94811514,audio/mpeg,forschergeist
https://forschergeist.de/podlove/file/273/s/feed/c/mp3/fg015-wissenschaftsmanagement.mp3,83730308,audio/mpeg,forschergeist
https://forschergeist.de/podlove/file/263/s/feed/c/mp3/fg014-wissenschaftsgeschichte-asiens.mp3,91415195,audio/mpeg,forschergeist
https://forschergeist.de/podlove/file/253/s/feed/c/mp3/fg013-horizont-2020.mp3,87048989,audio/mpeg,forschergeist
https://forschergeist.de/podlove/file/217/s/feed/c/mp3/fg012-energieforschung.mp3,69619294,audio/mpeg,forschergeist
https://forschergeist.de/podlove/file/203/s/feed/c/mp3/fg011-lehren-und-lernen-in-digitalen-zeiten.mp3,102704840,audio/mpeg,forschergeist
https://forschergeist.de/podlove/file/188/s/feed/c/mp3/fg010-wissenschaft-im-dialog.mp3,84406945,audio/mpeg,forschergeist
https://forschergeist.de/podlove/file/180/s/feed/c/mp3/fg009-wirtschaftspolitischer-journalismus.mp3,71309108,audio/mpeg,forschergeist
https://forschergeist.de/podlove/file/170/s/feed/c/mp3/fg008-wirtschaftskriminalitaet.mp3,65877624,audio/mpeg,forschergeist
https://forschergeist.de/podlove/file/149/s/feed/c/mp3/fg007-die-deutsche-sprache-und-die-wissenschaften.mp3,85566301,audio/mpeg,forschergeist
https://forschergeist.de/podlove/file/124/s/feed/c/mp3/fg006-die-bildung-und-das-web.mp3,99422510,audio/mpeg,forschergeist
https://forschergeist.de/podlove/file/77/s/feed/c/mp3/fg005-wissenschaftskommunikation.mp3,100286899,audio/mpeg,forschergeist
https://forschergeist.de/podlove/file/35/s/feed/c/mp3/fg004-talentfoerderung.mp3,71757687,audio/mpeg,forschergeist
https://forschergeist.de/podlove/file/28/s/feed/c/mp3/fg003-autonomer-verkehr.mp3,76664092,audio/mpeg,forschergeist
https://forschergeist.de/podlove/file/17/s/feed/c/mp3/fg002-citizen-science.mp3,72877661,audio/mpeg,forschergeist
https://forschergeist.de/podlove/file/10/s/feed/c/mp3/fg001-geschichte-der-wissenschaften.mp3,109111622,audio/mpeg,forschergeist
https://forschergeist.de/podlove/file/1/s/feed/c/mp3/fg000-forschergeist.mp3,11767518,audio/mpeg,forschergeist
http://raumzeit-podcast.de/podlove/file/3131/s/feed/c/mp3/rz098-geschichte-der-europaeischen-raumfahrt.mp3,61893282,audio/mpeg,raumzeit
http://raumzeit-podcast.de/podlove/file/3118/s/feed/c/mp3/rz097-wettersatelliten.mp3,61606079,audio/mpeg,raumzeit
http://raumzeit-podcast.de/podlove/file/3111/s/feed/c/mp3/rz096-erdaehnliche-exoplaneten.mp3,59598804,audio/mpeg,raumzeit
http://raumzeit-podcast.de/podlove/file/3108/s/feed/c/mp3/zwischenruf-2021.mp3,3275070,audio/mpeg,raumzeit
http://raumzeit-podcast.de/podlove/file/3097/s/feed/c/mp3/rz095-juice.mp3,40705246,audio/mpeg,raumzeit
http://raumzeit-podcast.de/podlove/file/3092/s/feed/c/mp3/rz094-weltraumbeobachtung-und-die-wissenschaft.mp3,53082968,audio/mpeg,raumzeit
http://raumzeit-podcast.de/podlove/file/2990/s/feed/c/mp3/rz093-das-james-webb-weltraumteleskop.mp3,73079184,audio/mpeg,raumzeit
http://raumzeit-podcast.de/podlove/file/2987/s/feed/c/mp3/rz092-weltraumschrott-bekaempfung.mp3,53722788,audio/mpeg,raumzeit
http://raumzeit-podcast.de/podlove/file/2976/s/feed/c/mp3/rz091-philosophie-und-das-universum.mp3,71810921,audio/mpeg,raumzeit
http://raumzeit-podcast.de/podlove/file/2972/s/feed/c/mp3/rz090-weltraumstaub.mp3,78911262,audio/mpeg,raumzeit
http://raumzeit-podcast.de/podlove/file/2966/s/feed/c/mp3/rz089-kerbal-space-program.mp3,58164503,audio/mpeg,raumzeit
http://raumzeit-podcast.de/podlove/file/2958/s/feed/c/mp3/rz088-geo600.mp3,95440526,audio/mpeg,raumzeit
http://raumzeit-podcast.de/podlove/file/2954/s/feed/c/mp3/rz087-amateurastronomie.mp3,60536219,audio/mpeg,raumzeit
http://raumzeit-podcast.de/podlove/file/2947/s/feed/c/mp3/rz086-meteoriten.mp3,66516904,audio/mpeg,raumzeit
http://raumzeit-podcast.de/podlove/file/2940/s/feed/c/mp3/rz085-erforschung-der-sonne.mp3,69627559,audio/mpeg,raumzeit
http://raumzeit-podcast.de/podlove/file/2922/s/feed/c/mp3/rz084-besuch-beim-asteroiden.mp3,74461169,audio/mpeg,raumzeit
http://raumzeit-podcast.de/podlove/file/2876/s/feed/c/mp3/rz083-spacex.mp3,98510411,audio/mpeg,raumzeit
http://raumzeit-podcast.de/podlove/file/2868/s/feed/c/mp3/rz082-bodenerkundung-auf-dem-mars.mp3,78346068,audio/mpeg,raumzeit
http://raumzeit-podcast.de/podlove/file/2848/s/feed/c/mp3/rz081-hubble-weltraumteleskop.mp3,63079491,audio/mpeg,raumzeit
http://raumzeit-podcast.de/podlove/file/2825/s/feed/c/mp3/rz080-europaeische-raumfahrtpolitik.mp3,53378311,audio/mpeg,raumzeit
http://raumzeit-podcast.de/podlove/file/2797/s/feed/c/mp3/rz079-kosmische-chemie.mp3,61363805,audio/mpeg,raumzeit
http://raumzeit-podcast.de/podlove/file/2777/s/feed/c/mp3/rz078-pluto-und-new-horizons.mp3,72758777,audio/mpeg,raumzeit
http://raumzeit-podcast.de/podlove/file/2770/s/feed/c/mp3/rz077-pflanzen-im-weltraum.mp3,58284282,audio/mpeg,raumzeit
http://raumzeit-podcast.de/podlove/file/2721/s/feed/c/mp3/rz076-der-gaia-sternkatalog.mp3,98627431,audio/mpeg,raumzeit
http://raumzeit-podcast.de/podlove/file/2709/s/feed/c/mp3/rz075-geologische-zeit.mp3,70394507,audio/mpeg,raumzeit
http://raumzeit-podcast.de/podlove/file/2688/s/feed/c/mp3/rz074-schwarze-loecher.mp3,67140307,audio/mpeg,raumzeit
http://raumzeit-podcast.de/podlove/file/2674/s/feed/c/mp3/rz073-icecube.mp3,58841084,audio/mpeg,raumzeit
http://raumzeit-podcast.de/podlove/file/2657/s/feed/c/mp3/rz072-die-zukunft-der-raumfahrt.mp3,43393399,audio/mpeg,raumzeit
http://raumzeit-podcast.de/podlove/file/2639/s/feed/c/mp3/rz071-asteroidenabwehr.mp3,47016966,audio/mpeg,raumzeit
http://raumzeit-podcast.de/podlove/file/2623/s/feed/c/mp3/rz070-weltraumrecht.mp3,37960981,audio/mpeg,raumzeit
http://raumzeit-podcast.de/podlove/file/2593/s/feed/c/mp3/rz069-copernicus-open-data-strategy.mp3,55303829,audio/mpeg,raumzeit
http://raumzeit-podcast.de/podlove/file/2544/s/feed/c/mp3/rz068-bodengestuetzte-astronomie.mp3,65130136,audio/mpeg,raumzeit
http://raumzeit-podcast.de/podlove/file/2514/s/feed/c/mp3/rz067-neutronensterne.mp3,72019990,audio/mpeg,raumzeit
http://raumzeit-podcast.de/podlove/file/2466/s/feed/c/mp3/rz066-laserkommunikation.mp3,75792639,audio/mpeg,raumzeit
http://raumzeit-podcast.de/podlove/file/2442/s/feed/c/mp3/rz065-part-time-scientists.mp3,93217096,audio/mpeg,raumzeit
http://raumzeit-podcast.de/podlove/file/2430/s/feed/c/mp3/rz064-iss-expedition-42.mp3,44957895,audio/mpeg,raumzeit
http://raumzeit-podcast.de/podlove/file/2412/s/feed/c/mp3/rz063-galaxien-und-kosmologie.mp3,64896680,audio/mpeg,raumzeit
http://raumzeit-podcast.de/podlove/file/2394/s/feed/c/mp3/rz062-albert-einstein.mp3,64946276,audio/mpeg,raumzeit
http://raumzeit-podcast.de/podlove/file/2363/s/feed/c/mp3/rz061-gravitationswellenastronomie.mp3,102081066,audio/mpeg,raumzeit
http://raumzeit-podcast.de/podlove/file/2328/s/feed/c/mp3/rz060-extrasolare-planeten.mp3,63019244,audio/mpeg,raumzeit
http://raumzeit-podcast.de/podlove/file/2307/s/feed/c/mp3/rz059-kleinsatelliten.mp3,59448846,audio/mpeg,raumzeit
http://raumzeit-podcast.de/podlove/file/2286/s/feed/c/mp3/rz058-philae.mp3,56147490,audio/mpeg,raumzeit
http://raumzeit-podcast.de/podlove/file/2041/s/feed/c/mp3/rz057-gaia.mp3,61879643,audio/mpeg,raumzeit
http://raumzeit-podcast.de/podlove/file/1966/s/feed/c/mp3/rz056-forschung-in-der-iss.mp3,66947654,audio/mpeg,raumzeit
http://raumzeit-podcast.de/podlove/file/2002/s/feed/c/mp3/rz055-planck.mp3,60867488,audio/mpeg,raumzeit
http://raumzeit-podcast.de/podlove/file/1905/s/feed/c/mp3/rz054-space-elevator.mp3,56689303,audio/mpeg,raumzeit
http://raumzeit-podcast.de/podlove/file/214/s/feed/c/mp3/rz053-mythos-raumfahrt.mp3,65356147,audio/mpeg,raumzeit
http://raumzeit-podcast.de/podlove/file/216/s/feed/c/mp3/rz052-solar-orbiter.mp3,32840656,audio/mpeg,raumzeit
http://raumzeit-podcast.de/podlove/file/218/s/feed/c/mp3/rz051-xmm-newton.mp3,36537432,audio/mpeg,raumzeit
http://raumzeit-podcast.de/podlove/file/220/s/feed/c/mp3/rz050-humanoide-robotik.mp3,49868468,audio/mpeg,raumzeit
http://raumzeit-podcast.de/podlove/file/222/s/feed/c/mp3/rz049-der-mars.mp3,50328687,audio/mpeg,raumzeit
http://raumzeit-podcast.de/podlove/file/224/s/feed/c/mp3/rz048-mars-express.mp3,39170126,audio/mpeg,raumzeit
http://raumzeit-podcast.de/podlove/file/226/s/feed/c/mp3/rz047-die-venus.mp3,33476624,audio/mpeg,raumzeit
http://raumzeit-podcast.de/podlove/file/228/s/feed/c/mp3/rz046-venus-express.mp3,58086083,audio/mpeg,raumzeit
http://raumzeit-podcast.de/podlove/file/230/s/feed/c/mp3/rz045-rexus-bexus.mp3,63449591,audio/mpeg,raumzeit
http://raumzeit-podcast.de/podlove/file/232/s/feed/c/mp3/rz044-der-merkur.mp3,56273248,audio/mpeg,raumzeit
http://raumzeit-podcast.de/podlove/file/234/s/feed/c/mp3/rz043-bepicolombo.mp3,49979738,audio/mpeg,raumzeit
http://raumzeit-podcast.de/podlove/file/236/s/feed/c/mp3/rz042-gmes.mp3,50149925,audio/mpeg,raumzeit
http://raumzeit-podcast.de/podlove/file/238/s/feed/c/mp3/rz041-envisat.mp3,52024196,audio/mpeg,raumzeit
http://raumzeit-podcast.de/podlove/file/240/s/feed/c/mp3/rz040-goce.mp3,52214238,audio/mpeg,raumzeit
http://raumzeit-podcast.de/podlove/file/242/s/feed/c/mp3/rz039-der-mond.mp3,46112256,audio/mpeg,raumzeit
http://raumzeit-podcast.de/podlove/file/244/s/feed/c/mp3/rz038-alpha-magnet-spektrometer.mp3,71851185,audio/mpeg,raumzeit
http://raumzeit-podcast.de/podlove/file/246/s/feed/c/mp3/rz037-tandem-x.mp3,48358845,audio/mpeg,raumzeit
http://raumzeit-podcast.de/podlove/file/248/s/feed/c/mp3/rz036-deutsches-raumfahrt-kontrollzentrum.mp3,60286972,audio/mpeg,raumzeit
http://raumzeit-podcast.de/podlove/file/250/s/feed/c/mp3/rz035-technology-transfer-program.mp3,41668515,audio/mpeg,raumzeit
http://raumzeit-podcast.de/podlove/file/252/s/feed/c/mp3/rz034-space-situational-awareness.mp3,44783288,audio/mpeg,raumzeit
http://raumzeit-podcast.de/podlove/file/254/s/feed/c/mp3/rz033-energie-der-zukunft.mp3,56718211,audio/mpeg,raumzeit
http://raumzeit-podcast.de/podlove/file/256/s/feed/c/mp3/rz032-das-saturnsystem.mp3,64113106,audio/mpeg,raumzeit
http://raumzeit-podcast.de/podlove/file/258/s/feed/c/mp3/rz031-dlr-school-labs.mp3,41385402,audio/mpeg,raumzeit
http://raumzeit-podcast.de/podlove/file/260/s/feed/c/mp3/rz030-cassini-huygens.mp3,65242493,audio/mpeg,raumzeit
http://raumzeit-podcast.de/podlove/file/262/s/feed/c/mp3/rz029-herschel-weltraumteleskop.mp3,65619721,audio/mpeg,raumzeit
http://raumzeit-podcast.de/podlove/file/264/s/feed/c/mp3/rz028-estrack.mp3,61630311,audio/mpeg,raumzeit
http://raumzeit-podcast.de/podlove/file/266/s/feed/c/mp3/rz027-mars500.mp3,53765579,audio/mpeg,raumzeit
http://raumzeit-podcast.de/podlove/file/268/s/feed/c/mp3/rz026-forschen-in-schwerelosigkeit.mp3,88071972,audio/mpeg,raumzeit
http://raumzeit-podcast.de/podlove/file/270/s/feed/c/mp3/rz025-zentrum-fuer-kriseninformation.mp3,60380088,audio/mpeg,raumzeit
http://raumzeit-podcast.de/podlove/file/272/s/feed/c/mp3/rz024-rosat-wiedereintritt.mp3,30150389,audio/mpeg,raumzeit
http://raumzeit-podcast.de/podlove/file/274/s/feed/c/mp3/rz023-rosat.mp3,69393852,audio/mpeg,raumzeit
http://raumzeit-podcast.de/podlove/file/276/s/feed/c/mp3/rz022-advanced-concepts-team.mp3,73630425,audio/mpeg,raumzeit
http://raumzeit-podcast.de/podlove/file/278/s/feed/c/mp3/rz021-weltraummedizin.mp3,52319195,audio/mpeg,raumzeit
http://raumzeit-podcast.de/podlove/file/280/s/feed/c/mp3/rz020-giotto-und-rosetta.mp3,51201421,audio/mpeg,raumzeit
http://raumzeit-podcast.de/podlove/file/282/s/feed/c/mp3/rz019-space-shuttle.mp3,65750048,audio/mpeg,raumzeit
http://raumzeit-podcast.de/podlove/file/284/s/feed/c/mp3/rz018-estec-test-centre.mp3,54322530,audio/mpeg,raumzeit
http://raumzeit-podcast.de/podlove/file/286/s/feed/c/mp3/rz017-automated-transfer-vehicle.mp3,57171984,audio/mpeg,raumzeit
http://raumzeit-podcast.de/podlove/file/288/s/feed/c/mp3/rz016-sofia-infrarotteleskop.mp3,96845446,audio/mpeg,raumzeit
http://raumzeit-podcast.de/podlove/file/290/s/feed/c/mp3/rz015-softwaretechnik.mp3,42769872,audio/mpeg,raumzeit
http://raumzeit-podcast.de/podlove/file/292/s/feed/c/mp3/rz014-robotik-in-der-raumfahrt.mp3,72453090,audio/mpeg,raumzeit
http://raumzeit-podcast.de/podlove/file/294/s/feed/c/mp3/rz013-die-atmosphaere.mp3,52179960,audio/mpeg,raumzeit
http://raumzeit-podcast.de/podlove/file/296/s/feed/c/mp3/rz012-sigmund-jaehn.mp3,53613556,audio/mpeg,raumzeit
http://raumzeit-podcast.de/podlove/file/298/s/feed/c/mp3/rz011-astronautenausbildung.mp3,55348105,audio/mpeg,raumzeit
http://raumzeit-podcast.de/podlove/file/300/s/feed/c/mp3/rz010-raumstationen.mp3,94680138,audio/mpeg,raumzeit
http://raumzeit-podcast.de/podlove/file/302/s/feed/c/mp3/rz009-asteroiden-und-kometen.mp3,65611614,audio/mpeg,raumzeit
http://raumzeit-podcast.de/podlove/file/304/s/feed/c/mp3/rz008-satellitennavigation.mp3,68226730,audio/mpeg,raumzeit
http://raumzeit-podcast.de/podlove/file/306/s/feed/c/mp3/rz007-weltraumschrott.mp3,52228288,audio/mpeg,raumzeit
http://raumzeit-podcast.de/podlove/file/308/s/feed/c/mp3/rz006-erdbeobachtung.mp3,64901069,audio/mpeg,raumzeit
http://raumzeit-podcast.de/podlove/file/310/s/feed/c/mp3/rz005-planetenforschung.mp3,79726349,audio/mpeg,raumzeit
http://raumzeit-podcast.de/podlove/file/312/s/feed/c/mp3/rz004-operations.mp3,63838139,audio/mpeg,raumzeit
http://raumzeit-podcast.de/podlove/file/314/s/feed/c/mp3/rz003-raketenantriebe.mp3,73362394,audio/mpeg,raumzeit
http://raumzeit-podcast.de/podlove/file/316/s/feed/c/mp3/rz002-missionsplanung.mp3,66512565,audio/mpeg,raumzeit
http://raumzeit-podcast.de/podlove/file/318/s/feed/c/mp3/rz001-raumfahrt-in-deutschland-und-europa.mp3,54846842,audio/mpeg,raumzeit
http://raumzeit-podcast.de/podlove/file/320/s/feed/c/mp3/rz000-einfuehrung.mp3,1891625,audio/mpeg,raumzeit
http://logbuch-netzpolitik.de/podlove/file/8303/s/feed/c/mp3/lnp416-zusammenrottung-aus-dem-kreise-der-politischen-gegner-mit-hacking-affinitaet.mp3,94223032,audio/mpeg,logbuch_netzpolitik
http://logbuch-netzpolitik.de/podlove/file/8298/s/feed/c/mp3/lnp415-internationale-grundsaetze-der-hoeflichkeit-und-gegenseitigkeit.mp3,85745612,audio/mpeg,logbuch_netzpolitik
http://logbuch-netzpolitik.de/podlove/file/8294/s/feed/c/mp3/lnp414-omi-krohn.mp3,80969074,audio/mpeg,logbuch_netzpolitik
http://logbuch-netzpolitik.de/podlove/file/8289/s/feed/c/mp3/lnp413-der-papagei-murmeltier-komplex.mp3,75998987,audio/mpeg,logbuch_netzpolitik
http://logbuch-netzpolitik.de/podlove/file/8281/s/feed/c/mp3/lnp412-kuss-auf-die-nuss.mp3,67579143,audio/mpeg,logbuch_netzpolitik
http://logbuch-netzpolitik.de/podlove/file/8277/s/feed/c/mp3/lnp411-anfaelligkeit-fuer-schwachstellen-bei-unklarem-nutzen.mp3,61458643,audio/mpeg,logbuch_netzpolitik
http://logbuch-netzpolitik.de/podlove/file/8274/s/feed/c/mp3/zwischenruf-2021.mp3,3264974,audio/mpeg,logbuch_netzpolitik
http://logbuch-netzpolitik.de/podlove/file/8267/s/feed/c/mp3/lnp410-status-kurz.mp3,52652503,audio/mpeg,logbuch_netzpolitik
http://logbuch-netzpolitik.de/podlove/file/8261/s/feed/c/mp3/lnp409-komplexer-dargestellt.mp3,59008115,audio/mpeg,logbuch_netzpolitik
http://logbuch-netzpolitik.de/podlove/file/8257/s/feed/c/mp3/lnp408-fuehrung-in-der-wurstfabrik.mp3,74669581,audio/mpeg,logbuch_netzpolitik
http://logbuch-netzpolitik.de/podlove/file/8251/s/feed/c/mp3/lnp407-institut-fuer-bullshirt-bingo-bashing.mp3,62231738,audio/mpeg,logbuch_netzpolitik
http://logbuch-netzpolitik.de/podlove/file/8246/s/feed/c/mp3/lnp406-schreibtischtaeter-ohne-keyboard.mp3,52948638,audio/mpeg,logbuch_netzpolitik
http://logbuch-netzpolitik.de/podlove/file/8241/s/feed/c/mp3/lnp405-immer-alles-richtig-machen.mp3,75897129,audio/mpeg,logbuch_netzpolitik
http://logbuch-netzpolitik.de/podlove/file/8236/s/feed/c/mp3/lnp404-sie-haben-ihr-ziel-erreicht.mp3,57012406,audio/mpeg,logbuch_netzpolitik
http://logbuch-netzpolitik.de/podlove/file/8231/s/feed/c/mp3/lnp403-leichte-schlaege-auf-den-hinterkopf.mp3,56670264,audio/mpeg,logbuch_netzpolitik
http://logbuch-netzpolitik.de/podlove/file/8226/s/feed/c/mp3/lnp402-katastrophe-pro.mp3,65278232,audio/mpeg,logbuch_netzpolitik
http://logbuch-netzpolitik.de/podlove/file/8222/s/feed/c/mp3/lnp401-gespaltenes-verhaeltnis-zu-sonderzeichen.mp3,64672366,audio/mpeg,logbuch_netzpolitik
http://logbuch-netzpolitik.de/podlove/file/8217/s/feed/c/mp3/lnp400-experimenteller-zustand.mp3,88411853,audio/mpeg,logbuch_netzpolitik
http://logbuch-netzpolitik.de/podlove/file/8213/s/feed/c/mp3/lnp399-darknet-fuer-die-hosentasche.mp3,73425964,audio/mpeg,logbuch_netzpolitik
http://logbuch-netzpolitik.de/podlove/file/8210/s/feed/c/mp3/lnp398-unbefriedigender-vorgang-mit-befriedigendem-ergebnis.mp3,44082447,audio/mpeg,logbuch_netzpolitik
http://logbuch-netzpolitik.de/podlove/file/8202/s/feed/c/mp3/lnp397-schroedingers-geheimdienst.mp3,69593024,audio/mpeg,logbuch_netzpolitik
http://logbuch-netzpolitik.de/podlove/file/8199/s/feed/c/mp3/lnp396-hochsicherheit-kommt-vor-dem-fall.mp3,63396266,audio/mpeg,logbuch_netzpolitik
http://logbuch-netzpolitik.de/podlove/file/8192/s/feed/c/mp3/lnp395-gute-geheimdienste-gesetz.mp3,49864676,audio/mpeg,logbuch_netzpolitik
http://logbuch-netzpolitik.de/podlove/file/8186/s/feed/c/mp3/lnp394-da-war-ein-hacker-drin.mp3,42435716,audio/mpeg,logbuch_netzpolitik
http://logbuch-netzpolitik.de/podlove/file/8182/s/feed/c/mp3/lnp393-mutmasslich-erlaubte-nutzung.mp3,43093417,audio/mpeg,logbuch_netzpolitik
https://logbuch-netzpolitik.de/podlove/file/8175/s/feed/c/mp3/lnp392-szenetypische-ansprache.mp3,89476868,audio/mpeg,logbuch_netzpolitik
http://logbuch-netzpolitik.de/podlove/file/8171/s/feed/c/mp3/lnp391-die-zwei-fragezeichen-und-die-maertyrerlegende.mp3,50359975,audio/mpeg,logbuch_netzpolitik
http://logbuch-netzpolitik.de/podlove/file/8167/s/feed/c/mp3/lnp390-qualitaetsschwankungen-in-der-suchtmittelversorgung.mp3,53822304,audio/mpeg,logbuch_netzpolitik
http://logbuch-netzpolitik.de/podlove/file/8163/s/feed/c/mp3/lnp389-spassbremse-in-zeiten-der-not.mp3,53346753,audio/mpeg,logbuch_netzpolitik
http://logbuch-netzpolitik.de/podlove/file/8154/s/feed/c/mp3/lnp388-guttenberg-public-license.mp3,41072707,audio/mpeg,logbuch_netzpolitik
http://logbuch-netzpolitik.de/podlove/file/8151/s/feed/c/mp3/lnp387-magisches-denken.mp3,79972237,audio/mpeg,logbuch_netzpolitik
http://logbuch-netzpolitik.de/podlove/file/8145/s/feed/c/mp3/lnp386-technisches-flair.mp3,62507619,audio/mpeg,logbuch_netzpolitik
http://logbuch-netzpolitik.de/podlove/file/8138/s/feed/c/mp3/lnp385-fuempf-blockchains.mp3,78597219,audio/mpeg,logbuch_netzpolitik
http://logbuch-netzpolitik.de/podlove/file/8132/s/feed/c/mp3/lnp384-sprengung-in-der-wueste.mp3,62257755,audio/mpeg,logbuch_netzpolitik
http://logbuch-netzpolitik.de/podlove/file/8124/s/feed/c/mp3/lnp383-dann-sagen-wir-es-eben-nochmal.mp3,90266335,audio/mpeg,logbuch_netzpolitik
http://logbuch-netzpolitik.de/podlove/file/8117/s/feed/c/mp3/lnp382-das-ganz-grobe-feingefuehl.mp3,62043833,audio/mpeg,logbuch_netzpolitik
http://logbuch-netzpolitik.de/podlove/file/8113/s/feed/c/mp3/lnp381-das-merken-die-nie.mp3,54180402,audio/mpeg,logbuch_netzpolitik
http://logbuch-netzpolitik.de/podlove/file/8106/s/feed/c/mp3/lnp380-werkzeug-der-aufklaerung.mp3,63244979,audio/mpeg,logbuch_netzpolitik
http://logbuch-netzpolitik.de/podlove/file/8098/s/feed/c/mp3/lnp379-spezial-digitale-bildung.mp3,63113131,audio/mpeg,logbuch_netzpolitik
http://logbuch-netzpolitik.de/podlove/file/8092/s/feed/c/mp3/lnp378-der-schwarze-block-faehrt-jetzt-tesla.mp3,101328081,audio/mpeg,logbuch_netzpolitik
http://logbuch-netzpolitik.de/podlove/file/8090/s/feed/c/mp3/lnp377-zauberlehrling-reloaded.mp3,40885367,audio/mpeg,logbuch_netzpolitik
http://logbuch-netzpolitik.de/podlove/file/8083/s/feed/c/mp3/lnp376-elektionsstoerungen.mp3,60753637,audio/mpeg,logbuch_netzpolitik
http://logbuch-netzpolitik.de/podlove/file/8076/s/feed/c/mp3/lnp375-no-durian.mp3,79305172,audio/mpeg,logbuch_netzpolitik
http://logbuch-netzpolitik.de/podlove/file/8068/s/feed/c/mp3/lnp374-ein-alter-weisser-mann-ist-passiert.mp3,55167337,audio/mpeg,logbuch_netzpolitik
http://logbuch-netzpolitik.de/podlove/file/8063/s/feed/c/mp3/lnp373-weihnachten-und-ostern-in-einem.mp3,53951431,audio/mpeg,logbuch_netzpolitik
http://logbuch-netzpolitik.de/podlove/file/8059/s/feed/c/mp3/lnp372-das-beste-gericht-bei-mcdonalds.mp3,56487036,audio/mpeg,logbuch_netzpolitik
http://logbuch-netzpolitik.de/podlove/file/8052/s/feed/c/mp3/lnp371-der-kunde-will-es-ohne-fehlstelle-haben.mp3,55836865,audio/mpeg,logbuch_netzpolitik
http://logbuch-netzpolitik.de/podlove/file/8047/s/feed/c/mp3/lnp370-nichts-wird-besser-durch-beatrix-von-storch.mp3,23724489,audio/mpeg,logbuch_netzpolitik
http://logbuch-netzpolitik.de/podlove/file/8043/s/feed/c/mp3/lnp369-die-geplagte-seele-der-deutschen.mp3,43179299,audio/mpeg,logbuch_netzpolitik
http://logbuch-netzpolitik.de/podlove/file/8036/s/feed/c/mp3/lnp368-nicht-vergessen-freitag-anschlag.mp3,40383295,audio/mpeg,logbuch_netzpolitik
http://logbuch-netzpolitik.de/podlove/file/8030/s/feed/c/mp3/lnp367-ich-hoere-den-klang-des-regens-im-ueberfluss.mp3,64307787,audio/mpeg,logbuch_netzpolitik
http://logbuch-netzpolitik.de/podlove/file/8020/s/feed/c/mp3/lnp366-lockdown-affinitaet.mp3,48494466,audio/mpeg,logbuch_netzpolitik
http://logbuch-netzpolitik.de/podlove/file/8019/s/feed/c/mp3/lnp365-sie-verlassen-den-realistischen-sektor.mp3,64202109,audio/mpeg,logbuch_netzpolitik
http://logbuch-netzpolitik.de/podlove/file/8009/s/feed/c/mp3/lnp364-der-fall-assange.mp3,95829436,audio/mpeg,logbuch_netzpolitik
http://logbuch-netzpolitik.de/podlove/file/8002/s/feed/c/mp3/lnp363-fortschreitende-verdunklungsgefahr.mp3,39364757,audio/mpeg,logbuch_netzpolitik
http://logbuch-netzpolitik.de/podlove/file/7998/s/feed/c/mp3/lnp362-unkontrolliertes-jekami.mp3,82948557,audio/mpeg,logbuch_netzpolitik
http://logbuch-netzpolitik.de/podlove/file/7995/s/feed/c/mp3/lnp361-idil-baydar.mp3,71700077,audio/mpeg,logbuch_netzpolitik
http://logbuch-netzpolitik.de/podlove/file/7988/s/feed/c/mp3/lnp360-philosophische-huerden.mp3,70180027,audio/mpeg,logbuch_netzpolitik
http://logbuch-netzpolitik.de/podlove/file/7978/s/feed/c/mp3/lnp359-digitalisierung-s-not-dead.mp3,56342585,audio/mpeg,logbuch_netzpolitik
http://logbuch-netzpolitik.de/podlove/file/7977/s/feed/c/mp3/lnp358-das-ist-mir-hier-zu-unterkomplex.mp3,56911640,audio/mpeg,logbuch_netzpolitik
http://logbuch-netzpolitik.de/podlove/file/7971/s/feed/c/mp3/lnp357-wie-autocorrect-nur-schlimmer.mp3,54271981,audio/mpeg,logbuch_netzpolitik
http://logbuch-netzpolitik.de/podlove/file/7960/s/feed/c/mp3/lnp356-gesegneter-entscheidungswahn.mp3,65287532,audio/mpeg,logbuch_netzpolitik
http://logbuch-netzpolitik.de/podlove/file/7954/s/feed/c/mp3/lnp355-hong-kong.mp3,104241022,audio/mpeg,logbuch_netzpolitik
http://logbuch-netzpolitik.de/podlove/file/7950/s/feed/c/mp3/lnp354-schrems-ii.mp3,31430243,audio/mpeg,logbuch_netzpolitik
http://logbuch-netzpolitik.de/podlove/file/7943/s/feed/c/mp3/lnp353-ein-geisterfahrer-tausende.mp3,61451392,audio/mpeg,logbuch_netzpolitik
http://logbuch-netzpolitik.de/podlove/file/7939/s/feed/c/mp3/lnp352-datenklo-der-republik.mp3,75503383,audio/mpeg,logbuch_netzpolitik
http://logbuch-netzpolitik.de/podlove/file/7930/s/feed/c/mp3/lnp351-der-potemkinsche-vw-bus.mp3,74605727,audio/mpeg,logbuch_netzpolitik
http://logbuch-netzpolitik.de/podlove/file/7929/s/feed/c/mp3/lnp350-der-gaesteblock-muss-in-quarantaene.mp3,74647456,audio/mpeg,logbuch_netzpolitik
http://logbuch-netzpolitik.de/podlove/file/7918/s/feed/c/mp3/lnp349-mit-vollidioten-ist-schwierig.mp3,73504470,audio/mpeg,logbuch_netzpolitik
http://logbuch-netzpolitik.de/podlove/file/7916/s/feed/c/mp3/lnp348-fraktal-aus-verdrehten-fakten-01-tim-pritlove.mp3,79288635,audio/mpeg,logbuch_netzpolitik
http://logbuch-netzpolitik.de/podlove/file/7906/s/feed/c/mp3/lnp347-pralinen-zum-geburtstag.mp3,53224479,audio/mpeg,logbuch_netzpolitik
http://logbuch-netzpolitik.de/podlove/file/7901/s/feed/c/mp3/lnp346-grundrechtsimperialismus.mp3,70934590,audio/mpeg,logbuch_netzpolitik
http://logbuch-netzpolitik.de/podlove/file/7897/s/feed/c/mp3/lnp345-am-anfang-vom-ende-der-ersten-welle.mp3,58075536,audio/mpeg,logbuch_netzpolitik
http://logbuch-netzpolitik.de/podlove/file/7891/s/feed/c/mp3/lnp344-klarnamenpflicht-bei-der-faz.mp3,53996531,audio/mpeg,logbuch_netzpolitik
http://logbuch-netzpolitik.de/podlove/file/7886/s/feed/c/mp3/lnp343-5g-maskenpflicht.mp3,53235408,audio/mpeg,logbuch_netzpolitik
http://logbuch-netzpolitik.de/podlove/file/7876/s/feed/c/mp3/lnp342-coronaappdiskussionsorgien.mp3,39009206,audio/mpeg,logbuch_netzpolitik
http://logbuch-netzpolitik.de/podlove/file/7871/s/feed/c/mp3/lnp341-corona-hotel.mp3,51091178,audio/mpeg,logbuch_netzpolitik
https://logbuch-netzpolitik.de/podlove/file/7869/s/feed/c/mp3/lnp340-autokorso-im-autokino.mp3,44327324,audio/mpeg,logbuch_netzpolitik
http://logbuch-netzpolitik.de/podlove/file/7861/s/feed/c/mp3/lnp339-die-fantasie-kennt-keine-grenzen-beim-setzen-von-grenzen.mp3,65000627,audio/mpeg,logbuch_netzpolitik
http://logbuch-netzpolitik.de/podlove/file/7853/s/feed/c/mp3/lnp338-corona-tracking-app.mp3,56458499,audio/mpeg,logbuch_netzpolitik
http://logbuch-netzpolitik.de/podlove/file/7846/s/feed/c/mp3/lnp337-die-haeuser-denen-die-darin-sachen-verkaufen.mp3,51848097,audio/mpeg,logbuch_netzpolitik
http://logbuch-netzpolitik.de/podlove/file/7840/s/feed/c/mp3/lnp336-patientendatenschutzgesetz.mp3,41274920,audio/mpeg,logbuch_netzpolitik
http://logbuch-netzpolitik.de/podlove/file/7837/s/feed/c/mp3/lnp335-nicht-informationsaffin.mp3,58152559,audio/mpeg,logbuch_netzpolitik
http://logbuch-netzpolitik.de/podlove/file/7828/s/feed/c/mp3/lnp334-klopapier-mit-mandelmilch-aroma.mp3,44442302,audio/mpeg,logbuch_netzpolitik
http://logbuch-netzpolitik.de/podlove/file/7815/s/feed/c/mp3/lnp333-royal-ohne-kaese.mp3,64072089,audio/mpeg,logbuch_netzpolitik
http://logbuch-netzpolitik.de/podlove/file/7801/s/feed/c/mp3/lnp332-check-mal-die-crimeline.mp3,66122803,audio/mpeg,logbuch_netzpolitik
http://logbuch-netzpolitik.de/podlove/file/7773/s/feed/c/mp3/lnp331-kritische-infrastruktur.mp3,74888411,audio/mpeg,logbuch_netzpolitik
http://logbuch-netzpolitik.de/podlove/file/7747/s/feed/c/mp3/lnp330-thueue-ueue-ueue-ueue-ueue-ueue-ueue-ueueringen.mp3,99005817,audio/mpeg,logbuch_netzpolitik
http://logbuch-netzpolitik.de/podlove/file/7734/s/feed/c/mp3/lnp329-bongpflicht-im-nagelstudio.mp3,48519091,audio/mpeg,logbuch_netzpolitik
http://logbuch-netzpolitik.de/podlove/file/7715/s/feed/c/mp3/lnp328-immerhin-hat-er-aufgehoert-zu-singen.mp3,48064450,audio/mpeg,logbuch_netzpolitik
https://logbuch-netzpolitik.de/podlove/file/7699/s/feed/c/mp3/lnp327-dienste-der-informationsgesellschaft.mp3,57515790,audio/mpeg,logbuch_netzpolitik
http://logbuch-netzpolitik.de/podlove/file/7677/s/feed/c/mp3/lnp326-bestellzettel.mp3,80837707,audio/mpeg,logbuch_netzpolitik
http://logbuch-netzpolitik.de/podlove/file/7630/s/feed/c/mp3/lnp325-besser-der-hund-bellt-einmal-zu-viel.mp3,62071037,audio/mpeg,logbuch_netzpolitik
http://logbuch-netzpolitik.de/podlove/file/7615/s/feed/c/mp3/lnp324-echt-nicht-witzigmann.mp3,42765002,audio/mpeg,logbuch_netzpolitik
http://logbuch-netzpolitik.de/podlove/file/7599/s/feed/c/mp3/lnp323-bekannt-aus-funkloch-und-fernsehen.mp3,58026271,audio/mpeg,logbuch_netzpolitik
http://logbuch-netzpolitik.de/podlove/file/7578/s/feed/c/mp3/lnp322-deluxe-hacktivism.mp3,72889977,audio/mpeg,logbuch_netzpolitik
http://logbuch-netzpolitik.de/podlove/file/7566/s/feed/c/mp3/lnp321-verluste-durch-aussergewoehnliche-schadensfaelle.mp3,60798222,audio/mpeg,logbuch_netzpolitik
http://logbuch-netzpolitik.de/podlove/file/7557/s/feed/c/mp3/lnp320-leute-die-husten-kauften-kauften-auch.mp3,31070265,audio/mpeg,logbuch_netzpolitik
http://logbuch-netzpolitik.de/podlove/file/7541/s/feed/c/mp3/lnp319-der-kapitalismus-fickt-immer-in-beide-richtungen.mp3,102986090,audio/mpeg,logbuch_netzpolitik
http://logbuch-netzpolitik.de/podlove/file/7518/s/feed/c/mp3/lnp318-auch-ein-slow-clap-ist-ein-clap.mp3,54766443,audio/mpeg,logbuch_netzpolitik
http://logbuch-netzpolitik.de/podlove/file/7493/s/feed/c/mp3/lnp317-cadus.mp3,40288272,audio/mpeg,logbuch_netzpolitik
http://logbuch-netzpolitik.de/podlove/file/7479/s/feed/c/mp3/lnp316-naziloser.mp3,53893194,audio/mpeg,logbuch_netzpolitik
http://logbuch-netzpolitik.de/podlove/file/7455/s/feed/c/mp3/lnp315-rebellionstinder.mp3,47421824,audio/mpeg,logbuch_netzpolitik
http://logbuch-netzpolitik.de/podlove/file/7435/s/feed/c/mp3/lnp314-thats-just-like-your-opinion-man.mp3,54323458,audio/mpeg,logbuch_netzpolitik
http://logbuch-netzpolitik.de/podlove/file/7422/s/feed/c/mp3/lnp313-hodldiplom.mp3,42714652,audio/mpeg,logbuch_netzpolitik
http://logbuch-netzpolitik.de/podlove/file/7399/s/feed/c/mp3/lnp312-wo-sehen-sie-mich-in-fuenf-jahren.mp3,40475802,audio/mpeg,logbuch_netzpolitik
http://logbuch-netzpolitik.de/podlove/file/7368/s/feed/c/mp3/lnp311-i-love-you-but-i-have-chosen-datenschutz.mp3,34712420,audio/mpeg,logbuch_netzpolitik
http://logbuch-netzpolitik.de/podlove/file/7347/s/feed/c/mp3/lnp310-kompliziert-und-zertifiziert.mp3,42932251,audio/mpeg,logbuch_netzpolitik
http://logbuch-netzpolitik.de/podlove/file/7333/s/feed/c/mp3/lnp309-bin-ich-schon-raus-oder-was.mp3,49739467,audio/mpeg,logbuch_netzpolitik
http://logbuch-netzpolitik.de/podlove/file/7309/s/feed/c/mp3/lnp308-sternchenministerkonferenz.mp3,81274800,audio/mpeg,logbuch_netzpolitik
http://logbuch-netzpolitik.de/podlove/file/7295/s/feed/c/mp3/lnp307-nationales-symbol-der-erreichbarkeit.mp3,80142439,audio/mpeg,logbuch_netzpolitik
http://logbuch-netzpolitik.de/podlove/file/7281/s/feed/c/mp3/lnp306-konformitaetsspeicher.mp3,46678576,audio/mpeg,logbuch_netzpolitik
http://logbuch-netzpolitik.de/podlove/file/7262/s/feed/c/mp3/lnp305-influencer-influenza.mp3,57632187,audio/mpeg,logbuch_netzpolitik
http://logbuch-netzpolitik.de/podlove/file/7254/s/feed/c/mp3/lnp304-der-knopf-des-verderbens.mp3,55579114,audio/mpeg,logbuch_netzpolitik
http://logbuch-netzpolitik.de/podlove/file/7233/s/feed/c/mp3/lnp303-halt-mal-meinen-pflaumenschnaps.mp3,50342415,audio/mpeg,logbuch_netzpolitik
http://logbuch-netzpolitik.de/podlove/file/6887/s/feed/c/mp3/lnp302-wir-wollen-euch-nur-ein-bisschen-abkuehlen.mp3,61627766,audio/mpeg,logbuch_netzpolitik
http://logbuch-netzpolitik.de/podlove/file/6866/s/feed/c/mp3/lnp301-unzureichende-beschallung.mp3,81618259,audio/mpeg,logbuch_netzpolitik
http://logbuch-netzpolitik.de/podlove/file/6849/s/feed/c/mp3/lnp300-valium-und-vodka.mp3,73396125,audio/mpeg,logbuch_netzpolitik
http://logbuch-netzpolitik.de/podlove/file/6836/s/feed/c/mp3/lnp299-volksentscheid-transparenzgesetz.mp3,33687741,audio/mpeg,logbuch_netzpolitik
http://logbuch-netzpolitik.de/podlove/file/6821/s/feed/c/mp3/dauerwerbesendung.mp3,3261459,audio/mpeg,logbuch_netzpolitik
http://logbuch-netzpolitik.de/podlove/file/6810/s/feed/c/mp3/lnp298-political-speeddating.mp3,28970964,audio/mpeg,logbuch_netzpolitik
http://logbuch-netzpolitik.de/podlove/file/6795/s/feed/c/mp3/lnp297-ein-rechtskonformes-gesetz.mp3,76261688,audio/mpeg,logbuch_netzpolitik
http://logbuch-netzpolitik.de/podlove/file/6751/s/feed/c/mp3/lnp296-it-sicherheit-per-gesetz.mp3,80467281,audio/mpeg,logbuch_netzpolitik
http://logbuch-netzpolitik.de/podlove/file/6741/s/feed/c/mp3/lnp295-nicht-die-beste-wohnlage.mp3,71989621,audio/mpeg,logbuch_netzpolitik
http://logbuch-netzpolitik.de/podlove/file/6725/s/feed/c/mp3/lnp294-mut-zur-schutzluecke.mp3,64284579,audio/mpeg,logbuch_netzpolitik
http://logbuch-netzpolitik.de/podlove/file/6717/s/feed/c/mp3/lnp293-versteckt-hintenrum.mp3,32573722,audio/mpeg,logbuch_netzpolitik
http://logbuch-netzpolitik.de/podlove/file/6706/s/feed/c/mp3/lnp292-ad-acta.mp3,86649054,audio/mpeg,logbuch_netzpolitik
http://logbuch-netzpolitik.de/podlove/file/6696/s/feed/c/mp3/lnp291-fuer-mich-immer-noch-sir.mp3,54611668,audio/mpeg,logbuch_netzpolitik
http://logbuch-netzpolitik.de/podlove/file/6668/s/feed/c/mp3/lnp290-demokratisch-industrieller-komplex.mp3,61419995,audio/mpeg,logbuch_netzpolitik
http://logbuch-netzpolitik.de/podlove/file/6652/s/feed/c/mp3/lnp289-untersuchung-von-sicherheitsriesen.mp3,53123983,audio/mpeg,logbuch_netzpolitik
http://logbuch-netzpolitik.de/podlove/file/6629/s/feed/c/mp3/lnp288-wir-nennen-namen.mp3,35370830,audio/mpeg,logbuch_netzpolitik
http://logbuch-netzpolitik.de/podlove/file/6619/s/feed/c/mp3/lnp287-it-sicherheitsgesetz-3.11-fuer-workgroups.mp3,58968004,audio/mpeg,logbuch_netzpolitik
http://logbuch-netzpolitik.de/podlove/file/6600/s/feed/c/mp3/lnp286-zeitsouveraenes-cybervoting.mp3,77205087,audio/mpeg,logbuch_netzpolitik
http://logbuch-netzpolitik.de/podlove/file/6585/s/feed/c/mp3/lnp285-corvus-corone-corone.mp3,50480504,audio/mpeg,logbuch_netzpolitik
http://logbuch-netzpolitik.de/podlove/file/6575/s/feed/c/mp3/lnp284-urteil-des-bundesverfassungsschutzes.mp3,99825244,audio/mpeg,logbuch_netzpolitik
http://logbuch-netzpolitik.de/podlove/file/6553/s/feed/c/mp3/lnp283-23bonobo42.mp3,59209282,audio/mpeg,logbuch_netzpolitik
http://logbuch-netzpolitik.de/podlove/file/6533/s/feed/c/mp3/lnp282-selbstkritische-infrastruktur.mp3,77859831,audio/mpeg,logbuch_netzpolitik
http://logbuch-netzpolitik.de/podlove/file/6516/s/feed/c/mp3/lnp281-bedenken-second.mp3,109386479,audio/mpeg,logbuch_netzpolitik
http://logbuch-netzpolitik.de/podlove/file/6488/s/feed/c/mp3/lnp280-wolkensensorik.mp3,86682471,audio/mpeg,logbuch_netzpolitik
http://logbuch-netzpolitik.de/podlove/file/6469/s/feed/c/mp3/lnp279-ende-der-versorgung.mp3,49881660,audio/mpeg,logbuch_netzpolitik
http://logbuch-netzpolitik.de/podlove/file/6453/s/feed/c/mp3/lnp278-nach-art-des-scheiches.mp3,75626256,audio/mpeg,logbuch_netzpolitik
http://logbuch-netzpolitik.de/podlove/file/6444/s/feed/c/mp3/lnp277-digitalmarxismus.mp3,82026030,audio/mpeg,logbuch_netzpolitik
http://logbuch-netzpolitik.de/podlove/file/6420/s/feed/c/mp3/lnp276-tripfolie.mp3,94037595,audio/mpeg,logbuch_netzpolitik
https://logbuch-netzpolitik.de/podlove/file/6408/s/feed/c/mp3/lnp275-frueher-war-auch-scheisse.mp3,69913354,audio/mpeg,logbuch_netzpolitik
http://logbuch-netzpolitik.de/podlove/file/6383/s/feed/c/mp3/lnp274-hau-den-lukas-frag-den-minister.mp3,48585380,audio/mpeg,logbuch_netzpolitik
http://logbuch-netzpolitik.de/podlove/file/6353/s/feed/c/mp3/lnp273-die-verfassungskatze.mp3,48978337,audio/mpeg,logbuch_netzpolitik
http://logbuch-netzpolitik.de/podlove/file/6329/s/feed/c/mp3/lnp272-alles-zerfragen.mp3,73791053,audio/mpeg,logbuch_netzpolitik
http://logbuch-netzpolitik.de/podlove/file/6319/s/feed/c/mp3/lnp271-angela-muss-verhungern.mp3,40864277,audio/mpeg,logbuch_netzpolitik
http://logbuch-netzpolitik.de/podlove/file/6304/s/feed/c/mp3/lnp270-mit-der-blockchain-wird-der-netzausbau-endlich-in-ordnung-kommen.mp3,50625232,audio/mpeg,logbuch_netzpolitik
http://logbuch-netzpolitik.de/podlove/file/6273/s/feed/c/mp3/lnp269-abteilungsleiter-fuer-bleistiftanspitzerbestellungen.mp3,60248452,audio/mpeg,logbuch_netzpolitik
http://logbuch-netzpolitik.de/podlove/file/6251/s/feed/c/mp3/lnp268-schauen-wir-in-die-zukunft-schauen-wir-nach-oesterreich.mp3,77903817,audio/mpeg,logbuch_netzpolitik
http://logbuch-netzpolitik.de/podlove/file/6239/s/feed/c/mp3/lnp267-wenn-ein-postillon-artikel-nur-noch-einen-tag-haelt.mp3,63905122,audio/mpeg,logbuch_netzpolitik
http://logbuch-netzpolitik.de/podlove/file/6223/s/feed/c/mp3/lnp266-datenlos-durch-die-nacht.mp3,76783709,audio/mpeg,logbuch_netzpolitik
http://logbuch-netzpolitik.de/podlove/file/6216/s/feed/c/mp3/lnp265-bundesmysterium-fuer-bildung-und-frauen.mp3,74588108,audio/mpeg,logbuch_netzpolitik
http://logbuch-netzpolitik.de/podlove/file/6202/s/feed/c/mp3/lnp264-heute-schon-an-die-apokalypse-denken.mp3,78143446,audio/mpeg,logbuch_netzpolitik
http://logbuch-netzpolitik.de/podlove/file/6190/s/feed/c/mp3/lnp263-der-putsch-daemon.mp3,47861545,audio/mpeg,logbuch_netzpolitik
http://logbuch-netzpolitik.de/podlove/file/6172/s/feed/c/mp3/lnp262-alces-datae.mp3,47617820,audio/mpeg,logbuch_netzpolitik
http://logbuch-netzpolitik.de/podlove/file/6150/s/feed/c/mp3/lnp261-elchtest-fuer-die-bundesregierung.mp3,72504050,audio/mpeg,logbuch_netzpolitik
http://logbuch-netzpolitik.de/podlove/file/6100/s/feed/c/mp3/lnp260-eine-hausdurchsuchung-kommt-selten-allein.mp3,80530949,audio/mpeg,logbuch_netzpolitik
http://logbuch-netzpolitik.de/podlove/file/6085/s/feed/c/mp3/lnp259-stell-dir-vor-es-ist-standard-und-keiner-macht-mit.mp3,55159271,audio/mpeg,logbuch_netzpolitik
http://logbuch-netzpolitik.de/podlove/file/6069/s/feed/c/mp3/lnp258-zarte-gefuehle-fuer-angela-merkel.mp3,55490623,audio/mpeg,logbuch_netzpolitik
http://logbuch-netzpolitik.de/podlove/file/6051/s/feed/c/mp3/lnp257-digitalkommissar-der-herzen.mp3,63840074,audio/mpeg,logbuch_netzpolitik
http://logbuch-netzpolitik.de/podlove/file/6017/s/feed/c/mp3/lnp256-10-000-leute-auf-1-3-stellen.mp3,92928489,audio/mpeg,logbuch_netzpolitik
http://logbuch-netzpolitik.de/podlove/file/6008/s/feed/c/mp3/lnp255-hallo-wir-moechten-mit-ihnen-ueber-netzpolitik-reden.mp3,40865248,audio/mpeg,logbuch_netzpolitik
http://logbuch-netzpolitik.de/podlove/file/5989/s/feed/c/mp3/lnp254-exit-from-brexit.mp3,65239654,audio/mpeg,logbuch_netzpolitik
http://logbuch-netzpolitik.de/podlove/file/5972/s/feed/c/mp3/lnp253-hey-siri-loesch-dich.mp3,44590293,audio/mpeg,logbuch_netzpolitik
http://logbuch-netzpolitik.de/podlove/file/5956/s/feed/c/mp3/lnp252-vegane-nazihipster.mp3,64945563,audio/mpeg,logbuch_netzpolitik
http://logbuch-netzpolitik.de/podlove/file/5942/s/feed/c/mp3/lnp251-ferteidigung-der-diskordischen-grundordnung.mp3,46028382,audio/mpeg,logbuch_netzpolitik
http://logbuch-netzpolitik.de/podlove/file/5926/s/feed/c/mp3/lnp250-vermoegungsabschoepfungsstelle.mp3,60588790,audio/mpeg,logbuch_netzpolitik
http://logbuch-netzpolitik.de/podlove/file/5910/s/feed/c/mp3/lnp249-qualitaetspromo.mp3,59887574,audio/mpeg,logbuch_netzpolitik
http://logbuch-netzpolitik.de/podlove/file/5888/s/feed/c/mp3/lnp248-hack-back.mp3,77470587,audio/mpeg,logbuch_netzpolitik
http://logbuch-netzpolitik.de/podlove/file/5865/s/feed/c/mp3/lnp247-lastesel-mit-glasfaseranschluss.mp3,97582071,audio/mpeg,logbuch_netzpolitik
http://logbuch-netzpolitik.de/podlove/file/5851/s/feed/c/mp3/lnp246-mailand-oder-madrid-hauptsache-russland.mp3,68376096,audio/mpeg,logbuch_netzpolitik
http://logbuch-netzpolitik.de/podlove/file/5833/s/feed/c/mp3/lnp245-die-schmusi-schnittstelle.mp3,92373699,audio/mpeg,logbuch_netzpolitik
http://logbuch-netzpolitik.de/podlove/file/5822/s/feed/c/mp3/lnp244-die-bundesregierung-hat-immer-noch-nicht-erklaert-wozu-man-sie-eigentlich-braucht.mp3,51717564,audio/mpeg,logbuch_netzpolitik
http://logbuch-netzpolitik.de/podlove/file/5801/s/feed/c/mp3/lnp243-auch-ohne-regierung-machen-wir-keinen-fortschritt.mp3,59900015,audio/mpeg,logbuch_netzpolitik
http://logbuch-netzpolitik.de/podlove/file/5786/s/feed/c/mp3/lnp242-make-ppp-fast.mp3,81047057,audio/mpeg,logbuch_netzpolitik
http://logbuch-netzpolitik.de/podlove/file/5768/s/feed/c/mp3/lnp241-das-ausland-koennte-von-aussenpolitischer-bedeutung-sein.mp3,75973197,audio/mpeg,logbuch_netzpolitik
http://logbuch-netzpolitik.de/podlove/file/5748/s/feed/c/mp3/lnp240-lichtgeschwindigkeit-ist-nicht-genug.mp3,46288038,audio/mpeg,logbuch_netzpolitik
http://logbuch-netzpolitik.de/podlove/file/5728/s/feed/c/mp3/lnp239-faktenfaktura.mp3,55759045,audio/mpeg,logbuch_netzpolitik
http://logbuch-netzpolitik.de/podlove/file/5713/s/feed/c/mp3/lnp238-was-macht-ihr-da-eigentlich.mp3,77986984,audio/mpeg,logbuch_netzpolitik
http://logbuch-netzpolitik.de/podlove/file/5696/s/feed/c/mp3/lnp237-gemaechtvergleich-im-internet.mp3,82852995,audio/mpeg,logbuch_netzpolitik
http://logbuch-netzpolitik.de/podlove/file/5677/s/feed/c/mp3/lnp236-marktgerechte-bepreisung.mp3,66212523,audio/mpeg,logbuch_netzpolitik
http://logbuch-netzpolitik.de/podlove/file/5657/s/feed/c/mp3/lnp235-nobody-is-leaking-like-we-do.mp3,88260949,audio/mpeg,logbuch_netzpolitik
http://logbuch-netzpolitik.de/podlove/file/5636/s/feed/c/mp3/lnp234-mein-weg-aus-der-beschaffungskriminalitaet.mp3,76066796,audio/mpeg,logbuch_netzpolitik
http://logbuch-netzpolitik.de/podlove/file/5621/s/feed/c/mp3/lnp233-das-internet-setzt-sich-endlich-durch.mp3,43588385,audio/mpeg,logbuch_netzpolitik
http://logbuch-netzpolitik.de/podlove/file/5608/s/feed/c/mp3/lnp232-der-boese-kleber-aus-deutschland.mp3,46645712,audio/mpeg,logbuch_netzpolitik
http://logbuch-netzpolitik.de/podlove/file/5593/s/feed/c/mp3/lnp231-chronische-bitknappheit.mp3,42124281,audio/mpeg,logbuch_netzpolitik
http://logbuch-netzpolitik.de/podlove/file/5576/s/feed/c/mp3/lnp230-angst-essen-seele-auf.mp3,53489233,audio/mpeg,logbuch_netzpolitik
http://logbuch-netzpolitik.de/podlove/file/5564/s/feed/c/mp3/lnp229-deine-sandburg-ist-auf-sand-gebaut.mp3,68981518,audio/mpeg,logbuch_netzpolitik
http://logbuch-netzpolitik.de/podlove/file/5514/s/feed/c/mp3/lnp228-interessierte-buerger.mp3,68298140,audio/mpeg,logbuch_netzpolitik
http://logbuch-netzpolitik.de/podlove/file/5491/s/feed/c/mp3/lnp227-magenta-terrorfrei.mp3,47587675,audio/mpeg,logbuch_netzpolitik
http://logbuch-netzpolitik.de/podlove/file/5481/s/feed/c/mp3/lnp226-merkelsche-rueck.mp3,39359356,audio/mpeg,logbuch_netzpolitik
http://logbuch-netzpolitik.de/podlove/file/5446/s/feed/c/mp3/lnp225-dringende-bitte.mp3,89210516,audio/mpeg,logbuch_netzpolitik
http://logbuch-netzpolitik.de/podlove/file/5426/s/feed/c/mp3/lnp224-mit-dem-abgriff-in-frankfurt-wird-das-alles-in-ordnung-kommen.mp3,64856950,audio/mpeg,logbuch_netzpolitik
http://logbuch-netzpolitik.de/podlove/file/5412/s/feed/c/mp3/lnp223-was-damals-unrecht-war-muss-heute-recht-sein.mp3,60447980,audio/mpeg,logbuch_netzpolitik
http://logbuch-netzpolitik.de/podlove/file/5391/s/feed/c/mp3/lnp222-mut-zur-schutzluecke.mp3,51063358,audio/mpeg,logbuch_netzpolitik
http://logbuch-netzpolitik.de/podlove/file/5372/s/feed/c/mp3/lnp221-ich-glaub-doch-nichts-was-die-regierung-sagt.mp3,86011863,audio/mpeg,logbuch_netzpolitik
http://logbuch-netzpolitik.de/podlove/file/5364/s/feed/c/mp3/lnp220-street-clickability.mp3,50852759,audio/mpeg,logbuch_netzpolitik
http://logbuch-netzpolitik.de/podlove/file/5338/s/feed/c/mp3/lnp219-ternaeres-feeling.mp3,59242067,audio/mpeg,logbuch_netzpolitik
http://logbuch-netzpolitik.de/podlove/file/5329/s/feed/c/mp3/lnp218-wahlsicherheit-durch-obskuritaet.mp3,43825772,audio/mpeg,logbuch_netzpolitik
http://logbuch-netzpolitik.de/podlove/file/5311/s/feed/c/mp3/lnp217-maerchen-aus-dem-cyberwald.mp3,69513562,audio/mpeg,logbuch_netzpolitik
http://logbuch-netzpolitik.de/podlove/file/5302/s/feed/c/mp3/lnp216-ein-leuchten-in-den-augen.mp3,41805040,audio/mpeg,logbuch_netzpolitik
http://logbuch-netzpolitik.de/podlove/file/5291/s/feed/c/mp3/lnp215-ich-mach-mir-ne-tomate-warm.mp3,61050625,audio/mpeg,logbuch_netzpolitik
http://logbuch-netzpolitik.de/podlove/file/5285/s/feed/c/mp3/lnp214-abstrakte-gefaehrder.mp3,45712365,audio/mpeg,logbuch_netzpolitik
http://logbuch-netzpolitik.de/podlove/file/5274/s/feed/c/mp3/lnp213-judasgeraet.mp3,49424992,audio/mpeg,logbuch_netzpolitik
http://logbuch-netzpolitik.de/podlove/file/5264/s/feed/c/mp3/lnp212-alles-voll-mit-sexbombe.mp3,80011878,audio/mpeg,logbuch_netzpolitik
http://logbuch-netzpolitik.de/podlove/file/5236/s/feed/c/mp3/lnp211-gib-handy.mp3,43480936,audio/mpeg,logbuch_netzpolitik
http://logbuch-netzpolitik.de/podlove/file/5229/s/feed/c/mp3/lnp210-netzpolitische-suedkurve.mp3,56035411,audio/mpeg,logbuch_netzpolitik
http://logbuch-netzpolitik.de/podlove/file/5215/s/feed/c/mp3/lnp209-das-juengste-geruecht.mp3,53127473,audio/mpeg,logbuch_netzpolitik
http://logbuch-netzpolitik.de/podlove/file/5171/s/feed/c/mp3/lnp208-verbesserungsgesetz.mp3,85343397,audio/mpeg,logbuch_netzpolitik
http://logbuch-netzpolitik.de/podlove/file/5142/s/feed/c/mp3/lnp207-pressebrecher.mp3,88149429,audio/mpeg,logbuch_netzpolitik
http://logbuch-netzpolitik.de/podlove/file/5123/s/feed/c/mp3/lnp206-goldene-zeiten.mp3,81661883,audio/mpeg,logbuch_netzpolitik
http://logbuch-netzpolitik.de/podlove/file/5110/s/feed/c/mp3/lnp205-wir-haben-cyber-gemacht-bevor-es-cool-war-und-so-hiess.mp3,55149345,audio/mpeg,logbuch_netzpolitik
http://logbuch-netzpolitik.de/podlove/file/5096/s/feed/c/mp3/lnp204-factbook-oder-fakebook-das-ist-hier-die-frage.mp3,50950208,audio/mpeg,logbuch_netzpolitik
http://logbuch-netzpolitik.de/podlove/file/5081/s/feed/c/mp3/lnp203-unglueck-im-glueck-im-unglueck.mp3,110232029,audio/mpeg,logbuch_netzpolitik
http://logbuch-netzpolitik.de/podlove/file/5066/s/feed/c/mp3/lnp202-i-will-look-into-it-at-the-time.mp3,65881226,audio/mpeg,logbuch_netzpolitik
http://logbuch-netzpolitik.de/podlove/file/5044/s/feed/c/mp3/lnp201-das-trumpeltier-regiert-die-welt.mp3,85542256,audio/mpeg,logbuch_netzpolitik
http://logbuch-netzpolitik.de/podlove/file/4954/s/feed/c/mp3/lnp200-aus-mitlike.mp3,75420219,audio/mpeg,logbuch_netzpolitik
http://logbuch-netzpolitik.de/podlove/file/4941/s/feed/c/mp3/lnp199-tod-oder-internet.mp3,74728066,audio/mpeg,logbuch_netzpolitik
http://logbuch-netzpolitik.de/podlove/file/4916/s/feed/c/mp3/remember-remember.mp3,2092073,audio/mpeg,logbuch_netzpolitik
http://logbuch-netzpolitik.de/podlove/file/4904/s/feed/c/mp3/lnp198-freiwillige-cyberwehr.mp3,36212489,audio/mpeg,logbuch_netzpolitik
http://logbuch-netzpolitik.de/podlove/file/4889/s/feed/c/mp3/lnp197-kulturell-demokratische-zukunft.mp3,49821344,audio/mpeg,logbuch_netzpolitik
http://logbuch-netzpolitik.de/podlove/file/4874/s/feed/c/mp3/lnp196-bundesnachrichtendienstleistung.mp3,35404468,audio/mpeg,logbuch_netzpolitik
http://logbuch-netzpolitik.de/podlove/file/4858/s/feed/c/mp3/lnp195-wlan-fahrtenbuch.mp3,65004724,audio/mpeg,logbuch_netzpolitik
http://logbuch-netzpolitik.de/podlove/file/4843/s/feed/c/mp3/lnp194-nicht-mal-die-ausnahmen-sind-erlaubt.mp3,50265721,audio/mpeg,logbuch_netzpolitik
http://logbuch-netzpolitik.de/podlove/file/4834/s/feed/c/mp3/lnp193-objektiv-notwendige-optimierung.mp3,33098494,audio/mpeg,logbuch_netzpolitik
http://logbuch-netzpolitik.de/podlove/file/4825/s/feed/c/mp3/lnp192-viele-datenkoeche-verderben-die-demokratie.mp3,64229598,audio/mpeg,logbuch_netzpolitik
http://logbuch-netzpolitik.de/podlove/file/4810/s/feed/c/mp3/lnp191-bauer-h5.mp3,43825650,audio/mpeg,logbuch_netzpolitik
http://logbuch-netzpolitik.de/podlove/file/4800/s/feed/c/mp3/lnp190-wenn-die-katze-aus-dem-haus-ist.mp3,65125582,audio/mpeg,logbuch_netzpolitik
http://logbuch-netzpolitik.de/podlove/file/4771/s/feed/c/mp3/lnp189-putsch-notification.mp3,83401160,audio/mpeg,logbuch_netzpolitik
http://logbuch-netzpolitik.de/podlove/file/4762/s/feed/c/mp3/lnp188-tempomat-mit-lenkomat.mp3,58491141,audio/mpeg,logbuch_netzpolitik
http://logbuch-netzpolitik.de/podlove/file/4753/s/feed/c/mp3/lnp187-und-ob-ich-schon-wanderte-im-finsteren-unglueck.mp3,26746459,audio/mpeg,logbuch_netzpolitik
http://logbuch-netzpolitik.de/podlove/file/4736/s/feed/c/mp3/lnp186-digitale-mietpreisbremse.mp3,40629105,audio/mpeg,logbuch_netzpolitik
http://logbuch-netzpolitik.de/podlove/file/4725/s/feed/c/mp3/lnp185-was-hat-grossbritannien-jemals-fuer-uns-getan.mp3,75063676,audio/mpeg,logbuch_netzpolitik
http://logbuch-netzpolitik.de/podlove/file/4710/s/feed/c/mp3/lnp184-100-jahre-nsa-untersuchungsausschuss.mp3,54876738,audio/mpeg,logbuch_netzpolitik
http://logbuch-netzpolitik.de/podlove/file/4693/s/feed/c/mp3/lnp183-blinde-kuh-mit-baseballschlaeger.mp3,58318828,audio/mpeg,logbuch_netzpolitik
http://logbuch-netzpolitik.de/podlove/file/4684/s/feed/c/mp3/lnp182-welche-ip-adresse-hat-gott.mp3,67438791,audio/mpeg,logbuch_netzpolitik
http://logbuch-netzpolitik.de/podlove/file/4665/s/feed/c/mp3/lnp181-die-eichhoernchen-gewinnen-den-cyberwar.mp3,86144730,audio/mpeg,logbuch_netzpolitik
http://logbuch-netzpolitik.de/podlove/file/4651/s/feed/c/mp3/lnp180-krieg-ist-frieden-und-kupfer-ist-glasfaser.mp3,55946242,audio/mpeg,logbuch_netzpolitik
http://logbuch-netzpolitik.de/podlove/file/4638/s/feed/c/mp3/lnp179-flensburg-fuer-verfassungssuender.mp3,59742286,audio/mpeg,logbuch_netzpolitik
http://logbuch-netzpolitik.de/podlove/file/4623/s/feed/c/mp3/lnp178-postmortale-jungferninseln.mp3,50957471,audio/mpeg,logbuch_netzpolitik
http://logbuch-netzpolitik.de/podlove/file/4604/s/feed/c/mp3/lnp177-nach-einem-tag-war-sie-hitler.mp3,42133142,audio/mpeg,logbuch_netzpolitik
http://logbuch-netzpolitik.de/podlove/file/4575/s/feed/c/mp3/lnp176-das-muesste-man-auch-mal-schremsen.mp3,58926566,audio/mpeg,logbuch_netzpolitik
http://logbuch-netzpolitik.de/podlove/file/4549/s/feed/c/mp3/lnp175-dann-platzt-google.mp3,65282675,audio/mpeg,logbuch_netzpolitik
http://logbuch-netzpolitik.de/podlove/file/4531/s/feed/c/mp3/lnp174-die-messwerte-waren-okay.mp3,48440186,audio/mpeg,logbuch_netzpolitik
http://logbuch-netzpolitik.de/podlove/file/4506/s/feed/c/mp3/lnp173-rentable-sicherheit.mp3,67707970,audio/mpeg,logbuch_netzpolitik
http://logbuch-netzpolitik.de/podlove/file/4496/s/feed/c/mp3/lnp172-10-gruende-warum-sich-regierungen-besser-raushalten-sollten.mp3,47496765,audio/mpeg,logbuch_netzpolitik
http://logbuch-netzpolitik.de/podlove/file/4487/s/feed/c/mp3/lnp171-schatz-reichst-du-mir-mal-den-terror-teil.mp3,62815190,audio/mpeg,logbuch_netzpolitik
http://logbuch-netzpolitik.de/podlove/file/4458/s/feed/c/mp3/lnp170-verwalter-werden-verwalten.mp3,47762417,audio/mpeg,logbuch_netzpolitik
http://logbuch-netzpolitik.de/podlove/file/4430/s/feed/c/mp3/lnp169-unsere-freiheit-wird-auch-an-der-firewall-verteidigt.mp3,66223352,audio/mpeg,logbuch_netzpolitik
http://logbuch-netzpolitik.de/podlove/file/4405/s/feed/c/mp3/lnp168-es-war-nicht-alles-schlecht-im-rechtsstaat.mp3,66198534,audio/mpeg,logbuch_netzpolitik
http://logbuch-netzpolitik.de/podlove/file/4381/s/feed/c/mp3/lnp167-eu-datenschutzverordnung-spezial.mp3,21670770,audio/mpeg,logbuch_netzpolitik
http://logbuch-netzpolitik.de/podlove/file/4367/s/feed/c/mp3/lnp166-32c3-spezial.mp3,71526044,audio/mpeg,logbuch_netzpolitik
http://logbuch-netzpolitik.de/podlove/file/4350/s/feed/c/mp3/lnp165-rap-battle-im-verfassungsgericht.mp3,33102906,audio/mpeg,logbuch_netzpolitik
http://logbuch-netzpolitik.de/podlove/file/4331/s/feed/c/mp3/lnp164-die-muessen-das-noch-absaegen.mp3,27494400,audio/mpeg,logbuch_netzpolitik
http://logbuch-netzpolitik.de/podlove/file/4314/s/feed/c/mp3/lnp163-die-teenage-nerds-von-nebenan.mp3,59139888,audio/mpeg,logbuch_netzpolitik
http://logbuch-netzpolitik.de/podlove/file/4301/s/feed/c/mp3/lnp162-einseitige-freistellung.mp3,49432916,audio/mpeg,logbuch_netzpolitik
http://logbuch-netzpolitik.de/podlove/file/4291/s/feed/c/mp3/lnp161-viel-mehr-tele.mp3,44859848,audio/mpeg,logbuch_netzpolitik
http://logbuch-netzpolitik.de/podlove/file/4276/s/feed/c/mp3/lnp160-krisennummer.mp3,51665599,audio/mpeg,logbuch_netzpolitik
http://logbuch-netzpolitik.de/podlove/file/4251/s/feed/c/mp3/lnp159-das-gesetz-verstoesst-gegen-die-geheimdienste.mp3,54733768,audio/mpeg,logbuch_netzpolitik
http://logbuch-netzpolitik.de/podlove/file/4233/s/feed/c/mp3/lnp158-teilweise.fundamentalistisch.mp3,63874691,audio/mpeg,logbuch_netzpolitik
http://logbuch-netzpolitik.de/podlove/file/4221/s/feed/c/mp3/lnp157-ich-habe-den-flux-kompensator-falsch-eingestellt.mp3,62563300,audio/mpeg,logbuch_netzpolitik
http://logbuch-netzpolitik.de/podlove/file/4206/s/feed/c/mp3/lnp156-bereitbandausbau.mp3,68999316,audio/mpeg,logbuch_netzpolitik
http://logbuch-netzpolitik.de/podlove/file/4186/s/feed/c/mp3/lnp155-frivole-rechtsmeinung.mp3,42106965,audio/mpeg,logbuch_netzpolitik
http://logbuch-netzpolitik.de/podlove/file/4136/s/feed/c/mp3/lnp154-risiko-disziplinarischer-ermittlungen.mp3,41009805,audio/mpeg,logbuch_netzpolitik
http://logbuch-netzpolitik.de/podlove/file/4126/s/feed/c/mp3/lnp153-gefahrgeneigte-dienste.mp3,62028707,audio/mpeg,logbuch_netzpolitik
http://logbuch-netzpolitik.de/podlove/file/4106/s/feed/c/mp3/lnp152-wahlhelfer-in-deiner-naehe-wollen-kumulieren-und-panaschieren.mp3,45125394,audio/mpeg,logbuch_netzpolitik
http://logbuch-netzpolitik.de/podlove/file/4091/s/feed/c/mp3/lnp151-lesezirkel-im-keller.mp3,54309714,audio/mpeg,logbuch_netzpolitik
http://logbuch-netzpolitik.de/podlove/file/4046/s/feed/c/mp3/lnp150-kampf-in-der-fuenften-dimension.mp3,54440882,audio/mpeg,logbuch_netzpolitik
http://logbuch-netzpolitik.de/podlove/file/3973/s/feed/c/mp3/lnp149-landesverrat.mp3,44190634,audio/mpeg,logbuch_netzpolitik
http://logbuch-netzpolitik.de/podlove/file/3956/s/feed/c/mp3/lnp148-hoert-auf-zu-schreddern-und-kuemmert-euch-um-die-nazis.mp3,31961328,audio/mpeg,logbuch_netzpolitik
http://logbuch-netzpolitik.de/podlove/file/3936/s/feed/c/mp3/lnp147-dann-laber-ich-hier-einfach-so-lange-bis-ihre-zeit-vorbei-ist.mp3,36357790,audio/mpeg,logbuch_netzpolitik
http://logbuch-netzpolitik.de/podlove/file/3921/s/feed/c/mp3/lnp146-harmonetarisiertes-urheberrecht.mp3,84107546,audio/mpeg,logbuch_netzpolitik
http://logbuch-netzpolitik.de/podlove/file/3907/s/feed/c/mp3/lnp145-mangelhafte-harmonisierung.mp3,39340251,audio/mpeg,logbuch_netzpolitik
http://logbuch-netzpolitik.de/podlove/file/3891/s/feed/c/mp3/lnp144-vermeintliche-regierungsfaehigkeit.mp3,75112976,audio/mpeg,logbuch_netzpolitik
http://logbuch-netzpolitik.de/podlove/file/3871/s/feed/c/mp3/lnp143-kopflaeuse-in-der-kita.mp3,58802000,audio/mpeg,logbuch_netzpolitik
http://logbuch-netzpolitik.de/podlove/file/3861/s/feed/c/mp3/lnp142-wird-mit-freiheitsstrafe-bezahlt.mp3,52648293,audio/mpeg,logbuch_netzpolitik
http://logbuch-netzpolitik.de/podlove/file/3851/s/feed/c/mp3/lnp141-irgendwas-ist-vielleicht-passiert.mp3,54918915,audio/mpeg,logbuch_netzpolitik
http://logbuch-netzpolitik.de/podlove/file/3836/s/feed/c/mp3/lnp140-hoch-die-internationale-spionageaktivitaet.mp3,62845419,audio/mpeg,logbuch_netzpolitik
http://logbuch-netzpolitik.de/podlove/file/3815/s/feed/c/mp3/lnp139-staatstrojaner-as-a-service.mp3,70543666,audio/mpeg,logbuch_netzpolitik
http://logbuch-netzpolitik.de/podlove/file/3806/s/feed/c/mp3/lnp138-stand-der-technik.mp3,51258899,audio/mpeg,logbuch_netzpolitik
http://logbuch-netzpolitik.de/podlove/file/3790/s/feed/c/mp3/lnp137-kommt-in-den-besten-senderfamilien-vor.mp3,44274946,audio/mpeg,logbuch_netzpolitik
http://logbuch-netzpolitik.de/podlove/file/3768/s/feed/c/mp3/lnp136-in-absurdistan-ist-das-voellig-normal.mp3,62865846,audio/mpeg,logbuch_netzpolitik
http://logbuch-netzpolitik.de/podlove/file/3753/s/feed/c/mp3/lnp135-ein-lizenzangebot-das-wir-nicht-ablehnen-koennen.mp3,37091360,audio/mpeg,logbuch_netzpolitik
http://logbuch-netzpolitik.de/podlove/file/3740/s/feed/c/mp3/lnp134-da-kommt-einer-von-rechts.mp3,48037703,audio/mpeg,logbuch_netzpolitik
http://logbuch-netzpolitik.de/podlove/file/3729/s/feed/c/mp3/lnp133-staatsbegraebnis-in-purem-gold.mp3,44576773,audio/mpeg,logbuch_netzpolitik
http://logbuch-netzpolitik.de/podlove/file/3716/s/feed/c/mp3/lnp132-prinzessin-lillifee.mp3,59766877,audio/mpeg,logbuch_netzpolitik
http://logbuch-netzpolitik.de/podlove/file/3700/s/feed/c/mp3/lnp131-internet-der-kurzen-wege.mp3,35327987,audio/mpeg,logbuch_netzpolitik
http://logbuch-netzpolitik.de/podlove/file/3675/s/feed/c/mp3/lnp130-radikalisierung-durch-internet.mp3,65434566,audio/mpeg,logbuch_netzpolitik
http://logbuch-netzpolitik.de/podlove/file/3665/s/feed/c/mp3/lnp129-ureinwanderer.mp3,44672279,audio/mpeg,logbuch_netzpolitik
http://logbuch-netzpolitik.de/podlove/file/3645/s/feed/c/mp3/lnp128-der-fernsehturm-muss-bleiben.mp3,61755057,audio/mpeg,logbuch_netzpolitik
http://logbuch-netzpolitik.de/podlove/file/3630/s/feed/c/mp3/lnp127-hat-sich-fast-gereimt.mp3,41194982,audio/mpeg,logbuch_netzpolitik
http://logbuch-netzpolitik.de/podlove/file/3600/s/feed/c/mp3/lnp126-ich-wollte-ja-zur-revolution-aber-war-voll.mp3,41133227,audio/mpeg,logbuch_netzpolitik
http://logbuch-netzpolitik.de/podlove/file/3590/s/feed/c/mp3/lnp125-die-haben-alle-ihren-kafka-gelesen.mp3,55517589,audio/mpeg,logbuch_netzpolitik
http://logbuch-netzpolitik.de/podlove/file/3582/s/feed/c/mp3/lnp124-honi-soit-qui-mal-y-pense.mp3,41428281,audio/mpeg,logbuch_netzpolitik
http://logbuch-netzpolitik.de/podlove/file/3570/s/feed/c/mp3/lnp123-wir-koennen-auch-heissluft.mp3,35160973,audio/mpeg,logbuch_netzpolitik
http://logbuch-netzpolitik.de/podlove/file/3545/s/feed/c/mp3/lnp122-the-internet-is-about-love.mp3,31282918,audio/mpeg,logbuch_netzpolitik
http://logbuch-netzpolitik.de/podlove/file/3539/s/feed/c/mp3/lnp121-best-fail.mp3,57368537,audio/mpeg,logbuch_netzpolitik
http://logbuch-netzpolitik.de/podlove/file/3528/s/feed/c/mp3/lnp120-widerrufliche-gratiseinwilligung.mp3,38387377,audio/mpeg,logbuch_netzpolitik
http://logbuch-netzpolitik.de/podlove/file/3515/s/feed/c/mp3/lnp119-netzneutralitaet-extrem.mp3,44361490,audio/mpeg,logbuch_netzpolitik
http://logbuch-netzpolitik.de/podlove/file/3491/s/feed/c/mp3/lnp118-ausserhalb-des-offiziellen-luftraums.mp3,44949811,audio/mpeg,logbuch_netzpolitik
http://logbuch-netzpolitik.de/podlove/file/3475/s/feed/c/mp3/lnp117-springergefuehrte-koalition.mp3,44987531,audio/mpeg,logbuch_netzpolitik
http://logbuch-netzpolitik.de/podlove/file/3458/s/feed/c/mp3/lnp116-initialen-reichen-ja-wohl.mp3,46438622,audio/mpeg,logbuch_netzpolitik
http://logbuch-netzpolitik.de/podlove/file/3442/s/feed/c/mp3/lnp115-heiland-aus-digitalien.mp3,61141146,audio/mpeg,logbuch_netzpolitik
http://logbuch-netzpolitik.de/podlove/file/3418/s/feed/c/mp3/lnp114-cyber-cyber.mp3,61701422,audio/mpeg,logbuch_netzpolitik
http://logbuch-netzpolitik.de/podlove/file/3415/s/feed/c/mp3/lnp113-cyber.mp3,57827818,audio/mpeg,logbuch_netzpolitik
http://logbuch-netzpolitik.de/podlove/file/3369/s/feed/c/mp3/lnp112-die-werdung-des-snowdens.mp3,79955870,audio/mpeg,logbuch_netzpolitik
http://logbuch-netzpolitik.de/podlove/file/3355/s/feed/c/mp3/lnp111-das-goldene-haekchen.mp3,38234939,audio/mpeg,logbuch_netzpolitik
http://logbuch-netzpolitik.de/podlove/file/3352/s/feed/c/mp3/lnp110-jura-lernen-fuer-dummies-von-dummies.mp3,30501800,audio/mpeg,logbuch_netzpolitik
http://logbuch-netzpolitik.de/podlove/file/3344/s/feed/c/mp3/lnp109-presseaehnliche-taetigkeit.mp3,44719527,audio/mpeg,logbuch_netzpolitik
http://logbuch-netzpolitik.de/podlove/file/3332/s/feed/c/mp3/lnp108-beifang-im-datenschleppnetz.mp3,45123301,audio/mpeg,logbuch_netzpolitik
http://logbuch-netzpolitik.de/podlove/file/3321/s/feed/c/mp3/lnp107-ohne-gummi-kostet-extra.mp3,51708780,audio/mpeg,logbuch_netzpolitik
http://logbuch-netzpolitik.de/podlove/file/3311/s/feed/c/mp3/lnp106-irgendwas-mit-datenschutz.mp3,47539160,audio/mpeg,logbuch_netzpolitik
http://logbuch-netzpolitik.de/podlove/file/3298/s/feed/c/mp3/lnp105-seniorenheim-und-orgelbau.mp3,45277110,audio/mpeg,logbuch_netzpolitik
http://logbuch-netzpolitik.de/podlove/file/3242/s/feed/c/mp3/lnp104-sekundaere-darlegungslast.mp3,47971848,audio/mpeg,logbuch_netzpolitik
http://logbuch-netzpolitik.de/podlove/file/3234/s/feed/c/mp3/lnp103-tanz-um-die-heisse-kartoffel.mp3,35535365,audio/mpeg,logbuch_netzpolitik
http://logbuch-netzpolitik.de/podlove/file/3190/s/feed/c/mp3/lnp102-nur-wenige-admins-haben-zugriff.mp3,102068340,audio/mpeg,logbuch_netzpolitik
http://logbuch-netzpolitik.de/podlove/file/3174/s/feed/c/mp3/lnp101-christophorus-plakette-fuer-e-mail.mp3,42937568,audio/mpeg,logbuch_netzpolitik
http://logbuch-netzpolitik.de/podlove/file/3163/s/feed/c/mp3/lnp100-gehoert-schon-zum-establishment.mp3,68994262,audio/mpeg,logbuch_netzpolitik
http://logbuch-netzpolitik.de/podlove/file/3156/s/feed/c/mp3/lnp099-sonst-punkt-punkt-punkt.mp3,27796864,audio/mpeg,logbuch_netzpolitik
http://logbuch-netzpolitik.de/podlove/file/3141/s/feed/c/mp3/lnp098-tag-der-deutschen-sicherheit.mp3,36870522,audio/mpeg,logbuch_netzpolitik
http://logbuch-netzpolitik.de/podlove/file/3130/s/feed/c/mp3/lnp097-garantiert-nippelfrei.mp3,51313920,audio/mpeg,logbuch_netzpolitik
http://logbuch-netzpolitik.de/podlove/file/3081/s/feed/c/mp3/lnp096-bin-ich-schon-drin.mp3,34224833,audio/mpeg,logbuch_netzpolitik
http://logbuch-netzpolitik.de/podlove/file/3069/s/feed/c/mp3/lnp095-unerwuenschte-nacktheit.mp3,47633535,audio/mpeg,logbuch_netzpolitik
http://logbuch-netzpolitik.de/podlove/file/3060/s/feed/c/mp3/lnp094-internet-zero.mp3,39155011,audio/mpeg,logbuch_netzpolitik
http://logbuch-netzpolitik.de/podlove/file/3046/s/feed/c/mp3/lnp093-ninjakostueme-bereithalten.mp3,39830739,audio/mpeg,logbuch_netzpolitik
http://logbuch-netzpolitik.de/podlove/file/3031/s/feed/c/mp3/lnp092-noch-fiction.mp3,55552296,audio/mpeg,logbuch_netzpolitik
http://logbuch-netzpolitik.de/podlove/file/3023/s/feed/c/mp3/lnp091-huxleying-into-the-full-orwell.mp3,46613470,audio/mpeg,logbuch_netzpolitik
http://logbuch-netzpolitik.de/podlove/file/3012/s/feed/c/mp3/lnp090-vorratsdatenspeicherungssprachregelung.mp3,74404109,audio/mpeg,logbuch_netzpolitik
http://logbuch-netzpolitik.de/podlove/file/2992/s/feed/c/mp3/lnp089-botschaft-bedeutet-botschaft.mp3,73573116,audio/mpeg,logbuch_netzpolitik
http://logbuch-netzpolitik.de/podlove/file/2861/s/feed/c/mp3/lnp088-schamoffensive.mp3,45592881,audio/mpeg,logbuch_netzpolitik
http://logbuch-netzpolitik.de/podlove/file/2851/s/feed/c/mp3/lnp087-kusselkopf.mp3,42731424,audio/mpeg,logbuch_netzpolitik
http://logbuch-netzpolitik.de/podlove/file/2839/s/feed/c/mp3/lnp086-wir-muessen-apple-opfern.mp3,47926423,audio/mpeg,logbuch_netzpolitik
http://logbuch-netzpolitik.de/podlove/file/2837/s/feed/c/mp3/lnp085-tatmittel-internet.mp3,51519296,audio/mpeg,logbuch_netzpolitik
http://logbuch-netzpolitik.de/podlove/file/2784/s/feed/c/mp3/lnp084-zielpersonenspezifische-ausleitung.mp3,50502237,audio/mpeg,logbuch_netzpolitik
http://logbuch-netzpolitik.de/podlove/file/2767/s/feed/c/mp3/lnp083-500-millionen-kommunikationen.mp3,52393295,audio/mpeg,logbuch_netzpolitik
http://logbuch-netzpolitik.de/podlove/file/2744/s/feed/c/mp3/lnp082-koalitionspflaume.mp3,41632243,audio/mpeg,logbuch_netzpolitik
http://logbuch-netzpolitik.de/podlove/file/2741/s/feed/c/mp3/lnp081-top-silkroader-gerne-wieder.mp3,43460202,audio/mpeg,logbuch_netzpolitik
http://logbuch-netzpolitik.de/podlove/file/2720/s/feed/c/mp3/lnp080-digitaler-klimawandel.mp3,68134691,audio/mpeg,logbuch_netzpolitik
http://logbuch-netzpolitik.de/podlove/file/2710/s/feed/c/mp3/lnp079-lass-uns-nochmal-ueber-den-preis-reden.mp3,40377936,audio/mpeg,logbuch_netzpolitik
http://logbuch-netzpolitik.de/podlove/file/2697/s/feed/c/mp3/lnp078-bugdoor.mp3,47475232,audio/mpeg,logbuch_netzpolitik
http://logbuch-netzpolitik.de/podlove/file/2685/s/feed/c/mp3/lnp077-alles-ueberprueft.mp3,52926038,audio/mpeg,logbuch_netzpolitik
http://logbuch-netzpolitik.de/podlove/file/2673/s/feed/c/mp3/lnp076-moll.mp3,61010500,audio/mpeg,logbuch_netzpolitik
http://logbuch-netzpolitik.de/podlove/file/2659/s/feed/c/mp3/lnp075-blick-in-die-schuessel.mp3,36042736,audio/mpeg,logbuch_netzpolitik
http://logbuch-netzpolitik.de/podlove/file/2651/s/feed/c/mp3/lnp074-politische-reise-nach-jerusalem.mp3,82103927,audio/mpeg,logbuch_netzpolitik
http://logbuch-netzpolitik.de/podlove/file/2637/s/feed/c/mp3/lnp073-wimpel-im-wind.mp3,44752964,audio/mpeg,logbuch_netzpolitik
http://logbuch-netzpolitik.de/podlove/file/2619/s/feed/c/mp3/lnp072-innenpolitischer-tritonus.mp3,32646912,audio/mpeg,logbuch_netzpolitik
http://logbuch-netzpolitik.de/podlove/file/2593/s/feed/c/mp3/lnp071-schoenes-land-haben-sie-da.mp3,42988474,audio/mpeg,logbuch_netzpolitik
http://logbuch-netzpolitik.de/podlove/file/2574/s/feed/c/mp3/lnp070-loben-und-strafen.mp3,46823429,audio/mpeg,logbuch_netzpolitik
http://logbuch-netzpolitik.de/podlove/file/2549/s/feed/c/mp3/lnp069-raeume-fuer-spezialbehandlung.mp3,49405683,audio/mpeg,logbuch_netzpolitik
http://logbuch-netzpolitik.de/podlove/file/2488/s/feed/c/mp3/lnp068-marsch-der-millionen.mp3,53630062,audio/mpeg,logbuch_netzpolitik
http://logbuch-netzpolitik.de/podlove/file/2448/s/feed/c/mp3/lnp067-schon-lange-nichts-mehr-auf-nsa-gepostet.mp3,45751806,audio/mpeg,logbuch_netzpolitik
http://logbuch-netzpolitik.de/podlove/file/2296/s/feed/c/mp3/lnp066-schattenberichterstattung.mp3,43556467,audio/mpeg,logbuch_netzpolitik
http://logbuch-netzpolitik.de/podlove/file/2215/s/feed/c/mp3/lnp065-ein-klavier-ein-klavier.mp3,38294665,audio/mpeg,logbuch_netzpolitik
http://logbuch-netzpolitik.de/podlove/file/2172/s/feed/c/mp3/lnp064-fehlschlaginduzierte-depression.mp3,57160007,audio/mpeg,logbuch_netzpolitik
http://logbuch-netzpolitik.de/podlove/file/2138/s/feed/c/mp3/lnp063-here-you-are-all-equally-worthless.mp3,35699570,audio/mpeg,logbuch_netzpolitik
http://logbuch-netzpolitik.de/podlove/file/1716/s/feed/c/mp3/lnp062-zerebrale-flatulenz.mp3,45430119,audio/mpeg,logbuch_netzpolitik
http://logbuch-netzpolitik.de/podlove/file/1665/s/feed/c/mp3/lnp061-skaliert-nicht-auf-bundesniveau.mp3,47381825,audio/mpeg,logbuch_netzpolitik
http://logbuch-netzpolitik.de/podlove/file/1573/s/feed/c/mp3/lnp060-naeheres-regelt-ein-bundesgesetz.mp3,39701660,audio/mpeg,logbuch_netzpolitik
http://logbuch-netzpolitik.de/podlove/file/1526/s/feed/c/mp3/lnp059-no-princess-for-you.mp3,62527871,audio/mpeg,logbuch_netzpolitik
http://logbuch-netzpolitik.de/podlove/file/1492/s/feed/c/mp3/lnp058-spy-cloud.mp3,37179441,audio/mpeg,logbuch_netzpolitik
http://logbuch-netzpolitik.de/podlove/file/1460/s/feed/c/mp3/lnp057-es-kann-nur-einen-geben.mp3,35415105,audio/mpeg,logbuch_netzpolitik
http://logbuch-netzpolitik.de/podlove/file/1420/s/feed/c/mp3/lnp056-kleinste-textausschnitte.mp3,31567650,audio/mpeg,logbuch_netzpolitik
http://logbuch-netzpolitik.de/podlove/file/1348/s/feed/c/mp3/lnp055-netzputzer-in-aktion.mp3,27360021,audio/mpeg,logbuch_netzpolitik
http://logbuch-netzpolitik.de/podlove/file/1180/s/feed/c/mp3/lnp054-30-stunden-woche-fuer-blogs.mp3,45514140,audio/mpeg,logbuch_netzpolitik
http://logbuch-netzpolitik.de/podlove/file/1114/s/feed/c/mp3/lnp053-fuehl-den-keese-in-dir.mp3,71897876,audio/mpeg,logbuch_netzpolitik
http://logbuch-netzpolitik.de/podlove/file/1048/s/feed/c/mp3/lnp052-es-gibt-noch-hoffnung.mp3,34676351,audio/mpeg,logbuch_netzpolitik
http://logbuch-netzpolitik.de/podlove/file/964/s/feed/c/mp3/lnp051-terrorismuswimpel.mp3,40868215,audio/mpeg,logbuch_netzpolitik
http://logbuch-netzpolitik.de/podlove/file/916/s/feed/c/mp3/lnp050-spionage-mit-menschlichem-antlitz.mp3,36138553,audio/mpeg,logbuch_netzpolitik
http://logbuch-netzpolitik.de/podlove/file/784/s/feed/c/mp3/lnp049-berechtigtes-interesse.mp3,52428513,audio/mpeg,logbuch_netzpolitik
http://logbuch-netzpolitik.de/podlove/file/618/s/feed/c/mp3/lnp048-koennte-erfolg-der-entscheidung-vereiteln.mp3,86459199,audio/mpeg,logbuch_netzpolitik
http://logbuch-netzpolitik.de/podlove/file/4/s/feed/c/mp3/lnp047-fernmeldetechnische-internationale.mp3,28565510,audio/mpeg,logbuch_netzpolitik
http://logbuch-netzpolitik.de/podlove/file/20/s/feed/c/mp3/lnp046-bekennerschreiben-der-regierung.mp3,30630240,audio/mpeg,logbuch_netzpolitik
http://logbuch-netzpolitik.de/podlove/file/49/s/feed/c/mp3/lnp045-ohrfeigen-in-der-hermann-buettner-strasse.mp3,35253693,audio/mpeg,logbuch_netzpolitik
http://logbuch-netzpolitik.de/podlove/file/64/s/feed/c/mp3/lnp044-schlangenkuchen.mp3,42998193,audio/mpeg,logbuch_netzpolitik
http://logbuch-netzpolitik.de/podlove/file/89/s/feed/c/mp3/lnp043-leichenschutzrecht.mp3,37347870,audio/mpeg,logbuch_netzpolitik
http://logbuch-netzpolitik.de/podlove/file/105/s/feed/c/mp3/lnp042-kann-spuren-von-wahrheit-enthalten.mp3,20747375,audio/mpeg,logbuch_netzpolitik
http://logbuch-netzpolitik.de/podlove/file/114/s/feed/c/mp3/lnp041-datenspuren-spezial-netzneutralitaet.mp3,38151658,audio/mpeg,logbuch_netzpolitik
http://logbuch-netzpolitik.de/podlove/file/126/s/feed/c/mp3/lnp040-realitaetsanpassungsgesetz.mp3,40268699,audio/mpeg,logbuch_netzpolitik
http://logbuch-netzpolitik.de/podlove/file/144/s/feed/c/mp3/lnp039-meisterskala-fuer-grundrechtseinschraenkungen.mp3,37975828,audio/mpeg,logbuch_netzpolitik
http://logbuch-netzpolitik.de/podlove/file/152/s/feed/c/mp3/lnp038-potenzielle-ehrverletzung.mp3,41157856,audio/mpeg,logbuch_netzpolitik
http://logbuch-netzpolitik.de/podlove/file/162/s/feed/c/mp3/lnp037-rohrkrepierer-des-jahres.mp3,35639994,audio/mpeg,logbuch_netzpolitik
http://logbuch-netzpolitik.de/podlove/file/175/s/feed/c/mp3/lnp036-unbegrenzt-1.mp3,32766143,audio/mpeg,logbuch_netzpolitik
http://logbuch-netzpolitik.de/podlove/file/190/s/feed/c/mp3/lnp035-ehrenamtlicher-internet-mitarbeiter.mp3,46753273,audio/mpeg,logbuch_netzpolitik
http://logbuch-netzpolitik.de/podlove/file/199/s/feed/c/mp3/lnp034-julio-assanchez.mp3,31512746,audio/mpeg,logbuch_netzpolitik
http://logbuch-netzpolitik.de/podlove/file/208/s/feed/c/mp3/lnp033-hallo-steffi.mp3,49505381,audio/mpeg,logbuch_netzpolitik
http://logbuch-netzpolitik.de/podlove/file/218/s/feed/c/mp3/lnp032-wir-lassen-das-jetzt-so.mp3,26580832,audio/mpeg,logbuch_netzpolitik
http://logbuch-netzpolitik.de/podlove/file/226/s/feed/c/mp3/lnp031-handwerkliche-fehler.mp3,36905948,audio/mpeg,logbuch_netzpolitik
http://logbuch-netzpolitik.de/podlove/file/238/s/feed/c/mp3/lnp030-die-internet-buergerwehr-raecht-sich.mp3,27751473,audio/mpeg,logbuch_netzpolitik
http://logbuch-netzpolitik.de/podlove/file/262/s/feed/c/mp3/lnp029-einmal-asyl-und-ne-flex-bitte.mp3,32097823,audio/mpeg,logbuch_netzpolitik
http://logbuch-netzpolitik.de/podlove/file/274/s/feed/c/mp3/lnp028-unavailable-for-illegal-reasons.mp3,50586994,audio/mpeg,logbuch_netzpolitik
http://logbuch-netzpolitik.de/podlove/file/283/s/feed/c/mp3/lnp027-vogel-des-jahres.mp3,25120365,audio/mpeg,logbuch_netzpolitik
http://logbuch-netzpolitik.de/podlove/file/298/s/feed/c/mp3/lnp026-der-kampagnenzipfel.mp3,27980472,audio/mpeg,logbuch_netzpolitik
http://logbuch-netzpolitik.de/podlove/file/311/s/feed/c/mp3/lnp025-von-fuehrenden-diktatoren-empfohlen.mp3,22563956,audio/mpeg,logbuch_netzpolitik
http://logbuch-netzpolitik.de/podlove/file/322/s/feed/c/mp3/lnp024-episches-maeandern.mp3,51271479,audio/mpeg,logbuch_netzpolitik
http://logbuch-netzpolitik.de/podlove/file/331/s/feed/c/mp3/lnp023-das-sind-nicht-die-droiden-die-ihr-sucht.mp3,35072794,audio/mpeg,logbuch_netzpolitik
http://logbuch-netzpolitik.de/podlove/file/344/s/feed/c/mp3/lnp022-du-willst-es-doch-auch.mp3,19441644,audio/mpeg,logbuch_netzpolitik
http://logbuch-netzpolitik.de/podlove/file/352/s/feed/c/mp3/lnp021-harter-tobak.mp3,29674050,audio/mpeg,logbuch_netzpolitik
http://logbuch-netzpolitik.de/podlove/file/369/s/feed/c/mp3/lnp020-die-achillesferse.mp3,28431908,audio/mpeg,logbuch_netzpolitik
http://logbuch-netzpolitik.de/podlove/file/376/s/feed/c/mp3/lnp019-peak-pirate.mp3,51786212,audio/mpeg,logbuch_netzpolitik
http://logbuch-netzpolitik.de/podlove/file/390/s/feed/c/mp3/lnp018-mehr-heu.mp3,38437851,audio/mpeg,logbuch_netzpolitik
http://logbuch-netzpolitik.de/podlove/file/398/s/feed/c/mp3/lnp017-cordoba-20.mp3,48596523,audio/mpeg,logbuch_netzpolitik
http://logbuch-netzpolitik.de/podlove/file/406/s/feed/c/mp3/lnp016-das-reich-der-spekulationen.mp3,27338372,audio/mpeg,logbuch_netzpolitik
http://logbuch-netzpolitik.de/podlove/file/412/s/feed/c/mp3/lnp015-b-wie-blog-c-wie-zukunft.mp3,38153619,audio/mpeg,logbuch_netzpolitik
http://logbuch-netzpolitik.de/podlove/file/425/s/feed/c/mp3/lnp014-snake-oil.mp3,44088742,audio/mpeg,logbuch_netzpolitik
http://logbuch-netzpolitik.de/podlove/file/432/s/feed/c/mp3/lnp013-l-entartement-du-monde.mp3,26303351,audio/mpeg,logbuch_netzpolitik
http://logbuch-netzpolitik.de/podlove/file/445/s/feed/c/mp3/lnp012-mediale-schlachtordnung.mp3,52562103,audio/mpeg,logbuch_netzpolitik
http://logbuch-netzpolitik.de/podlove/file/455/s/feed/c/mp3/lnp011-popcorn-potential.mp3,44325483,audio/mpeg,logbuch_netzpolitik
http://logbuch-netzpolitik.de/podlove/file/464/s/feed/c/mp3/lnp010-were-doin-it-live.mp3,37142654,audio/mpeg,logbuch_netzpolitik
http://logbuch-netzpolitik.de/podlove/file/473/s/feed/c/mp3/lnp009-28c3-spezial.mp3,56579124,audio/mpeg,logbuch_netzpolitik
http://logbuch-netzpolitik.de/podlove/file/484/s/feed/c/mp3/lnp008-bundeswolkenkuckucksheim.mp3,34051109,audio/mpeg,logbuch_netzpolitik
http://logbuch-netzpolitik.de/podlove/file/491/s/feed/c/mp3/lnp007-politisches-care-paket.mp3,37968691,audio/mpeg,logbuch_netzpolitik
http://logbuch-netzpolitik.de/podlove/file/503/s/feed/c/mp3/lnp006-digitaler-denkpanzer.mp3,34854933,audio/mpeg,logbuch_netzpolitik
http://logbuch-netzpolitik.de/podlove/file/511/s/feed/c/mp3/lnp005-unter-42-minuten.mp3,25034688,audio/mpeg,logbuch_netzpolitik
http://logbuch-netzpolitik.de/podlove/file/524/s/feed/c/mp3/lnp004-turboboost.mp3,24433247,audio/mpeg,logbuch_netzpolitik
http://logbuch-netzpolitik.de/podlove/file/535/s/feed/c/mp3/lnp003-american-censorship-day.mp3,16166530,audio/mpeg,logbuch_netzpolitik
http://logbuch-netzpolitik.de/podlove/file/550/s/feed/c/mp3/lnp002-wikileaks-schultrojaner.mp3,30636080,audio/mpeg,logbuch_netzpolitik
http://logbuch-netzpolitik.de/podlove/file/565/s/feed/c/mp3/lnp001-state-of-the-union.mp3,32707235,audio/mpeg,logbuch_netzpolitik
https://ukw.fm/podlove/file/499/s/feed/c/mp3/ukw088-corona-weekly-pandemie-ist-kein-wunschkonzert.mp3,115675906,audio/mpeg,ukw
https://ukw.fm/podlove/file/497/s/feed/c/mp3/ukw087-corona-weekly-goldene-triade.mp3,155727546,audio/mpeg,ukw
https://ukw.fm/podlove/file/488/s/feed/c/mp3/ukw086-corona-weekly-obertonwelle-omikron.mp3,127428241,audio/mpeg,ukw
https://ukw.fm/podlove/file/487/s/feed/c/mp3/ukw085-corona-weekly-die-meisten-von-uns-werden-es-ueberleben.mp3,85946818,audio/mpeg,ukw
https://ukw.fm/podlove/file/481/s/feed/c/mp3/ukw084-brexit-the-brexit-trilemma.mp3,98283228,audio/mpeg,ukw
https://ukw.fm/podlove/file/473/s/feed/c/mp3/ukw083-corona-weekly-wir-werden-es-wieder-verkacken-aber-nicht-voelllig.mp3,141079067,audio/mpeg,ukw
https://ukw.fm/podlove/file/472/s/feed/c/mp3/zwischenruf-2021.mp3,4641974,audio/mpeg,ukw
https://ukw.fm/podlove/file/463/s/feed/c/mp3/ukw082-corona-weekly-die-pandemie-has-jumped-the-shark.mp3,88457592,audio/mpeg,ukw
https://ukw.fm/podlove/file/461/s/feed/c/mp3/ukw081-corona-weekly-eine-der-besseren-fehlentscheidungen.mp3,107483492,audio/mpeg,ukw
https://ukw.fm/podlove/file/454/s/feed/c/mp3/ukw080-corona-weekly-tempo-30-fuer-corona.mp3,113352806,audio/mpeg,ukw
https://ukw.fm/podlove/file/448/s/feed/c/mp3/ukw079-corona-weekly-in-niedrigen-inzidenzen-braeunen.mp3,63043148,audio/mpeg,ukw
https://ukw.fm/podlove/file/443/s/feed/c/mp3/ukw078-corona-weekly-gefuehlte-fakten.mp3,114823364,audio/mpeg,ukw
https://ukw.fm/podlove/file/438/s/feed/c/mp3/ukw077-corona-weekly-das-schoene-an-der-pandemie.mp3,101318028,audio/mpeg,ukw
https://ukw.fm/podlove/file/433/s/feed/c/mp3/ukw076-corona-weekly-alles-wird-gut-wir-wissen-nur-nicht-warum.mp3,123074810,audio/mpeg,ukw
https://ukw.fm/podlove/file/428/s/feed/c/mp3/ukw075-corona-weekly-impfen-in-3d.mp3,85128585,audio/mpeg,ukw
https://ukw.fm/podlove/file/424/s/feed/c/mp3/ukw074-brexit-leben-von-einer-luege.mp3,92255055,audio/mpeg,ukw
https://ukw.fm/podlove/file/421/s/feed/c/mp3/ukw073-corona-weekly-kontrolle-hatten-wir-nie.mp3,91008347,audio/mpeg,ukw
https://ukw.fm/podlove/file/413/s/feed/c/mp3/ukw072-corona-weekly-geisterfahrerfreie-zone.mp3,111553679,audio/mpeg,ukw
https://ukw.fm/podlove/file/411/s/feed/c/mp3/ukw071-corona-weekly-impftermine-helfen-gegen-corona.mp3,103959179,audio/mpeg,ukw
https://ukw.fm/podlove/file/405/s/feed/c/mp3/ukw070-corona-weekly-bundesnotbremse-total-landscaping.mp3,127883252,audio/mpeg,ukw
https://ukw.fm/podlove/file/399/s/feed/c/mp3/ukw069-corona-weekly-inzidenzen-interessieren-keine-sau.mp3,104131595,audio/mpeg,ukw
https://ukw.fm/podlove/file/396/s/feed/c/mp3/ukw068-corona-weekly-was-heisst-kurz-was-heisst-hart.mp3,96962223,audio/mpeg,ukw
https://ukw.fm/podlove/file/389/s/feed/c/mp3/ukw067-corona-weekly-nicht-ganz-illusionsfrei.mp3,138843776,audio/mpeg,ukw
https://ukw.fm/podlove/file/387/s/feed/c/mp3/ukw066-corona-weekly-covid-dauert-dieses-jahr-laenger.mp3,174731325,audio/mpeg,ukw
https://ukw.fm/podlove/file/380/s/feed/c/mp3/ukw065-corona-weekly-waeren-eigentlich-gefordert-zu-handeln-haben-uns-aktuell-aber-anders-entschieden.mp3,105577252,audio/mpeg,ukw
https://ukw.fm/podlove/file/374/s/feed/c/mp3/ukw064-corona-weekly-condition-ultra.mp3,151146224,audio/mpeg,ukw
https://ukw.fm/podlove/file/370/s/feed/c/mp3/ukw063-corona-weekly-so-kann-man-sein-geld-auch-aus-dem-fenster-werfen.mp3,134010191,audio/mpeg,ukw
https://ukw.fm/podlove/file/363/s/feed/c/mp3/ukw062-corona-weekly-mal-wieder-richtig-welle-machen.mp3,102697412,audio/mpeg,ukw
https://ukw.fm/podlove/file/361/s/feed/c/mp3/ukw061-corona-weekly-das-virus-prekariat.mp3,133730536,audio/mpeg,ukw
https://ukw.fm/podlove/file/355/s/feed/c/mp3/ukw060-corona-weekly-jag-den-mutanten.mp3,113451682,audio/mpeg,ukw
https://ukw.fm/podlove/file/351/s/feed/c/mp3/ukw059-corona-weekly-zensur-ist-ein-beitrag-zum-infektionsschutz.mp3,106095610,audio/mpeg,ukw
https://ukw.fm/podlove/file/344/s/feed/c/mp3/ukw058-corona-weekly-irgendjemand-muss-ja-das-geld-verdienen.mp3,88207162,audio/mpeg,ukw
https://ukw.fm/podlove/file/339/s/feed/c/mp3/ukw057-corona-weekly-ueberbackene-fernbedienung.mp3,66249961,audio/mpeg,ukw
https://ukw.fm/podlove/file/334/s/feed/c/mp3/ukw056-brexit-alle-unsere-regale-sind-voll.mp3,81863576,audio/mpeg,ukw
https://ukw.fm/podlove/file/329/s/feed/c/mp3/ukw055-corona-weekly-die-skeptiker-wollen-alle-an-den-strand.mp3,114538899,audio/mpeg,ukw
https://ukw.fm/podlove/file/326/s/feed/c/mp3/ukw054-corona-weekly-erdnuesse-sind-schlimmer.mp3,87547791,audio/mpeg,ukw
https://ukw.fm/podlove/file/319/s/feed/c/mp3/ukw053-corona-weekly-der-impfstoff-ist-ne-app.mp3,146462673,audio/mpeg,ukw
https://ukw.fm/podlove/file/314/s/feed/c/mp3/ukw052-corona-weekly-privatpersonen-die-nichts-wichtiges-vorhaben.mp3,122360241,audio/mpeg,ukw
https://ukw.fm/podlove/file/309/s/feed/c/mp3/ukw051-corona-weekly-weihnachten-ist-nur-ein-datum.mp3,124452755,audio/mpeg,ukw
https://ukw.fm/podlove/file/303/s/feed/c/mp3/ukw050-corona-weekly-die-chewbacca-verteidigung.mp3,88126889,audio/mpeg,ukw
https://ukw.fm/podlove/file/300/s/feed/c/mp3/ukw049-corona-weekly-kein-gutes-jahr-fuer-duftkerzen.mp3,117516554,audio/mpeg,ukw
https://ukw.fm/podlove/file/293/s/feed/c/mp3/ukw048-corona-weekly-vielleicht-gibt-s-ja-ein-wunder.mp3,81457624,audio/mpeg,ukw
https://ukw.fm/podlove/file/292/s/feed/c/mp3/ukw047-corona-weekly-space-karen.mp3,100450900,audio/mpeg,ukw
https://ukw.fm/podlove/file/285/s/feed/c/mp3/ukw046-corona-weekly-schweizer-kaese-strategie.mp3,94934704,audio/mpeg,ukw
https://ukw.fm/podlove/file/281/s/feed/c/mp3/ukw045-corona-der-biontech-impfstoff.mp3,31963648,audio/mpeg,ukw
https://ukw.fm/podlove/file/273/s/feed/c/mp3/ukw044-brexit-breaking-the-law-in-a-limited-and-specific-way.mp3,62179983,audio/mpeg,ukw
https://ukw.fm/podlove/file/271/s/feed/c/mp3/ukw043-corona-weekly-die-dunkelziffer-liegt-weiter-im-dunkeln.mp3,88014275,audio/mpeg,ukw
https://ukw.fm/podlove/file/264/s/feed/c/mp3/ukw042-corona-weekly-abgeordneter-ist-kein-richtiger-beruf.mp3,89435850,audio/mpeg,ukw
https://ukw.fm/podlove/file/260/s/feed/c/mp3/ukw041-corona-weekly-it-s-the-final-lockdown.mp3,80343441,audio/mpeg,ukw
https://ukw.fm/podlove/file/255/s/feed/c/mp3/ukw040-corona-pimp-my-cwa.mp3,69541550,audio/mpeg,ukw
https://ukw.fm/podlove/file/251/s/feed/c/mp3/ukw039-corona-impfstoffe.mp3,67177595,audio/mpeg,ukw
https://ukw.fm/podlove/file/246/s/feed/c/mp3/ukw038-corona-weekly-neue-deutsche-welle.mp3,94067493,audio/mpeg,ukw
https://ukw.fm/podlove/file/241/s/feed/c/mp3/ukw037-corona-weekly-weihnachten-wird-s-ungemuetlich.mp3,81437593,audio/mpeg,ukw
https://ukw.fm/podlove/file/236/s/feed/c/mp3/ukw036-corona-weekly-das-immunsystem-ist-ein-militaerisch-industrieller-komplex.mp3,73019552,audio/mpeg,ukw
https://ukw.fm/podlove/file/227/s/feed/c/mp3/ukw035-corona-weekly-grillpartys-auch-weiterhin-nur-draussen.mp3,132171091,audio/mpeg,ukw
https://ukw.fm/podlove/file/224/s/feed/c/mp3/ukw034-internetkarneval.mp3,75081411,audio/mpeg,ukw
https://ukw.fm/podlove/file/218/s/feed/c/mp3/ukw033-corona-weekly-mit-dem-eigenen-pkw-durch-bayern.mp3,81936931,audio/mpeg,ukw
https://ukw.fm/podlove/file/214/s/feed/c/mp3/ukw032-corona-weekly-sensornetze-und-wurmloecher.mp3,107510077,audio/mpeg,ukw
https://ukw.fm/podlove/file/209/s/feed/c/mp3/ukw031-brexit-mogg-conga.mp3,104622401,audio/mpeg,ukw
https://ukw.fm/podlove/file/204/s/feed/c/mp3/ukw030-corona-warn-app.mp3,129484492,audio/mpeg,ukw
https://ukw.fm/podlove/file/198/s/feed/c/mp3/ukw029-corona-weekly-neuer-fall-nur-gestern.mp3,98718100,audio/mpeg,ukw
https://ukw.fm/podlove/file/195/s/feed/c/mp3/ukw028-corona-weekly-die-hamburg-anomalie.mp3,125167661,audio/mpeg,ukw
https://ukw.fm/podlove/file/190/s/feed/c/mp3/ukw027-corona-weekly-superrot-und-supergruen.mp3,107821641,audio/mpeg,ukw
https://ukw.fm/podlove/file/184/s/feed/c/mp3/ukw026-corona-quarano.mp3,40146973,audio/mpeg,ukw
https://ukw.fm/podlove/file/180/s/feed/c/mp3/ukw025-corona-weekly-zombies-im-bus.mp3,119983560,audio/mpeg,ukw
https://ukw.fm/podlove/file/173/s/feed/c/mp3/ukw024-corona-weekly-risk-assessment.mp3,126179099,audio/mpeg,ukw
https://ukw.fm/podlove/file/171/s/feed/c/mp3/ukw023-corona-china-taiwan-hong-kong.mp3,93420743,audio/mpeg,ukw
https://ukw.fm/podlove/file/163/s/feed/c/mp3/ukw022-corona-weekly-der-oder-das-virus.mp3,117846182,audio/mpeg,ukw
https://ukw.fm/podlove/file/159/s/feed/c/mp3/ukw021-corona-weekly-die-christliche-logistikfunktion.mp3,135436851,audio/mpeg,ukw
https://ukw.fm/podlove/file/154/s/feed/c/mp3/ukw020-corona-weekly-zahlen-und-apps.mp3,115213966,audio/mpeg,ukw
https://ukw.fm/podlove/file/149/s/feed/c/mp3/ukw019-corona-welt-in-aufruhr.mp3,75703499,audio/mpeg,ukw
https://ukw.fm/podlove/file/143/s/feed/c/mp3/ukw018-corona-weekly.mp3,119017071,audio/mpeg,ukw
https://ukw.fm/podlove/file/139/s/feed/c/mp3/ukw017-corona-situation-der-schulen.mp3,64947274,audio/mpeg,ukw
https://ukw.fm/podlove/file/134/s/feed/c/mp3/ukw016-corona-masken-berlin.mp3,25072159,audio/mpeg,ukw
https://ukw.fm/podlove/file/128/s/feed/c/mp3/ukw015-corona-wirtschaft-in-der-krise.mp3,112027655,audio/mpeg,ukw
https://ukw.fm/podlove/file/123/s/feed/c/mp3/ukw014-corona-modelle-und-prognosen.mp3,94573122,audio/mpeg,ukw
https://ukw.fm/podlove/file/121/s/feed/c/mp3/ukw013-corona-intensivmedizin.mp3,73429362,audio/mpeg,ukw
https://ukw.fm/podlove/file/115/s/feed/c/mp3/ukw012-corona-hygienemassnahmen.mp3,51523798,audio/mpeg,ukw
https://ukw.fm/podlove/file/108/s/feed/c/mp3/ukw011-corona-die-informationssammlung-des-cert.mp3,32764698,audio/mpeg,ukw
https://ukw.fm/podlove/file/104/s/feed/c/mp3/ukw010-corona-ich-bin-dunkelziffer.mp3,45806269,audio/mpeg,ukw
https://ukw.fm/podlove/file/91/s/feed/c/mp3/ukw009-corona-lockdown.mp3,93687355,audio/mpeg,ukw
https://ukw.fm/podlove/file/84/s/feed/c/mp3/ukw008-nach-dem-brexit-ist-vor-dem-brexit.mp3,90613227,audio/mpeg,ukw
https://ukw.fm/podlove/file/49/s/feed/c/mp3/ukw007-hong-kong-the-showdown.mp3,101050500,audio/mpeg,ukw
https://ukw.fm/podlove/file/41/s/feed/c/mp3/ukw006-dead-in-a-ditch.mp3,109652172,audio/mpeg,ukw
https://ukw.fm/podlove/file/35/s/feed/c/mp3/ukw005-hong-kong.mp3,93833677,audio/mpeg,ukw
https://ukw.fm/podlove/file/28/s/feed/c/mp3/ukw004-god-save-the-queen.mp3,97756330,audio/mpeg,ukw
https://ukw.fm/podlove/file/18/s/feed/c/mp3/ukw003-brextension.mp3,78799681,audio/mpeg,ukw
https://ukw.fm/podlove/file/8/s/feed/c/mp3/ukw002-the-deadlock.mp3,81464594,audio/mpeg,ukw
https://ukw.fm/podlove/file/5/s/feed/c/mp3/ukw001-schalke-ist-durchgeimpft.mp3,80364079,audio/mpeg,ukw
